MonthlyCharges,TenureMonths,ContractType,Churn,CustomerID
84.08970158272705,24.0,Two Year,No,1
68.06408595157137,15.0,One Year,No,2
73.14102042996885,36.0,Month-to-Month,Yes,3
61.58566033917352,13.0,Month-to-Month,No,4
92.63410396360318,27.0,Month-to-Month,Yes,5
64.12553342189709,44.0,Month-to-Month,No,6
71.12039299889891,37.0,Month-to-Month,No,7
85.5249916319032,7.0,Month-to-Month,No,8
74.20063391589939,8.0,Month-to-Month,No,9
73.82634544656221,37.0,Two Year,No,10
40.3951673590508,41.0,One Year,No,11
80.20952502540827,14.0,One Year,No,12
70.83380410320235,58.0,Two Year,No,13
78.12347654758825,12.0,Two Year,Yes,14
72.74819572553254,36.0,Month-to-Month,No,15
61.61263664315692,52.0,Month-to-Month,No,16
83.41460749824392,40.0,Two Year,No,17
72.97189916919874,17.0,Month-to-Month,No,18
50.659202634356355,40.0,One Year,No,19
89.62775734519244,53.0,One Year,No,20
48.54280653418792,29.0,Month-to-Month,No,21
83.51393851375813,27.0,Month-to-Month,No,22
92.3039765789531,1.0,Month-to-Month,No,23
53.40556846055105,52.0,One Year,No,24
68.15857319893168,34.0,Month-to-Month,No,25
66.76077630798734,4.0,Two Year,No,26
67.43543267228667,24.0,Month-to-Month,No,27
97.45357532849596,21.0,Two Year,No,28
53.57921690624322,33.0,Month-to-Month,No,29
65.40149432681503,7.0,Month-to-Month,No,30
92.54983748232627,1.0,One Year,No,31
65.15576757491277,41.0,Two Year,No,32
55.96330426200256,3.0,Two Year,No,33
73.94522022654623,44.0,Two Year,No,34
82.08460812560523,51.0,One Year,No,35
64.10738544777554,15.0,Two Year,No,36
78.31552586211318,31.0,One Year,Yes,37
49.35077358888155,54.0,Month-to-Month,No,38
50.184593748721085,16.0,Month-to-Month,Yes,39
63.39870579621059,10.0,Two Year,No,40
78.85026129987592,54.0,Month-to-Month,Yes,41
81.4224697147763,29.0,Month-to-Month,No,42
52.26975928812905,59.0,Two Year,No,43
80.86631057098869,59.0,Month-to-Month,No,44
72.4976056065217,6.0,Two Year,No,45
56.81192958323023,29.0,Two Year,No,46
49.98717471965502,17.0,Month-to-Month,No,47
73.44734732356488,53.0,Month-to-Month,No,48
89.3434483624817,60.0,Month-to-Month,No,49
70.53283646166936,22.0,Month-to-Month,No,50
55.97618725890645,24.0,Month-to-Month,No,51
41.9796656938086,17.0,One Year,No,52
92.94236270332914,21.0,Month-to-Month,No,53
85.62775915479644,51.0,One Year,No,54
74.53115273157402,50.0,Two Year,No,55
92.1699095089819,11.0,Month-to-Month,No,56
73.35878649630392,56.0,Month-to-Month,No,57
62.03444574073475,7.0,Month-to-Month,No,58
78.32698367575316,42.0,Two Year,No,59
57.55411485598313,39.0,One Year,No,60
55.06528273220229,5.0,One Year,Yes,61
81.57410664410904,44.0,Month-to-Month,Yes,62
82.83638151346123,48.0,Month-to-Month,No,63
50.89392579268886,57.0,Month-to-Month,No,64
51.448034763372156,21.0,Month-to-Month,No,65
63.324254595504826,18.0,Two Year,No,66
59.33042750230506,35.0,Month-to-Month,No,67
77.14733144748052,20.0,Two Year,No,68
70.72074756648385,15.0,Month-to-Month,No,69
87.47359386454909,5.0,One Year,No,70
74.75886587850975,13.0,One Year,No,71
60.33134755492483,51.0,Month-to-Month,Yes,72
41.633067071703316,12.0,Month-to-Month,No,73
72.69183976415766,55.0,Two Year,No,74
44.345078346455836,21.0,Month-to-Month,No,75
60.14567144618746,37.0,Month-to-Month,No,76
59.17409832854987,6.0,Month-to-Month,No,77
62.37359327674853,7.0,One Year,Yes,78
50.25948610109714,26.0,Two Year,No,79
59.12085087835075,42.0,One Year,Yes,80
87.18856867677701,48.0,Two Year,No,81
87.147227313624,8.0,One Year,No,82
92.98749663198956,9.0,Month-to-Month,No,83
70.15219788615661,27.0,One Year,No,84
74.0682869334737,4.0,One Year,Yes,85
87.40917126540486,21.0,Two Year,No,86
47.94008564594324,31.0,Two Year,Yes,87
82.08442760055551,21.0,One Year,No,88
89.53517085093483,40.0,Two Year,No,89
56.66559510943564,25.0,Two Year,No,90
90.7395871840549,39.0,Two Year,No,91
100.86574120452374,15.0,Two Year,No,92
81.66770005766243,53.0,Two Year,No,93
78.91756552990185,35.0,One Year,Yes,94
53.20335926306112,49.0,Two Year,No,95
86.03805893561386,43.0,Month-to-Month,No,96
54.616140210443305,41.0,One Year,Yes,97
75.54611203960545,37.0,One Year,No,98
77.06642660996536,57.0,One Year,No,99
20.556204820262053,42.0,Two Year,No,100
76.08705075303627,47.0,Month-to-Month,No,101
109.32212179717732,28.0,Two Year,No,102
38.62215366594293,14.0,One Year,No,103
69.19162008980298,4.0,One Year,No,104
40.793269348980715,53.0,One Year,No,105
56.58787841792234,20.0,One Year,Yes,106
41.05334717769544,34.0,Two Year,No,107
72.39313490495826,12.0,Month-to-Month,No,108
81.90407204889392,33.0,Month-to-Month,No,109
76.14607949153638,24.0,One Year,Yes,110
56.047262958136415,20.0,Month-to-Month,No,111
60.85907865106108,5.0,One Year,Yes,112
74.08409029128458,38.0,One Year,No,113
56.51614014791619,30.0,Month-to-Month,Yes,114
50.068073372265374,24.0,One Year,No,115
66.41309409847058,43.0,Month-to-Month,No,116
55.82937686091388,40.0,One Year,Yes,117
76.17336875880464,7.0,Month-to-Month,No,118
89.48046100475376,36.0,One Year,No,119
108.96375104058643,38.0,Month-to-Month,No,120
75.07100368209476,16.0,One Year,Yes,121
79.68958244229306,52.0,One Year,No,122
61.010239850588086,15.0,One Year,No,123
61.939348386676826,46.0,Month-to-Month,No,124
89.26084369811409,23.0,Two Year,Yes,125
65.85508299779833,12.0,One Year,No,126
71.09421067908674,29.0,One Year,No,127
88.34463505192502,44.0,Month-to-Month,No,128
65.97059242170116,48.0,One Year,No,129
92.50630656532223,15.0,One Year,No,130
78.59544004077108,29.0,One Year,No,131
76.83097256467322,45.0,One Year,No,132
60.277162793989845,43.0,Two Year,No,133
77.63688992575157,49.0,Two Year,No,134
63.5643107820063,21.0,One Year,No,135
77.04113284293557,15.0,One Year,No,136
68.47262401359356,14.0,One Year,No,137
84.50214356476178,42.0,Two Year,No,138
69.52343240804868,44.0,Two Year,No,139
100.56786325355046,16.0,Month-to-Month,No,140
65.86679532406411,15.0,Month-to-Month,No,141
61.98137856964735,42.0,One Year,No,142
75.19170680201881,4.0,One Year,No,143
86.1680658374121,27.0,Two Year,No,144
86.0514772724091,23.0,One Year,No,145
72.50172166603745,29.0,One Year,No,146
75.08633741207177,41.0,Two Year,No,147
75.10807086058635,53.0,Two Year,No,148
53.83190779557812,52.0,Two Year,No,149
85.36110162649145,9.0,Two Year,No,150
51.132153518189995,53.0,Month-to-Month,No,151
53.86001986322812,57.0,Two Year,No,152
70.82540626782198,56.0,Two Year,Yes,153
65.20210398781688,52.0,One Year,Yes,154
81.94236099063174,43.0,One Year,No,155
76.71029009005271,43.0,One Year,No,156
72.07302080606038,7.0,Month-to-Month,Yes,157
53.11699006041924,53.0,Two Year,No,158
70.39840157295103,42.0,Two Year,No,159
69.21232796317875,4.0,Month-to-Month,No,160
73.33280105353255,5.0,Two Year,No,161
63.54942991858543,5.0,One Year,No,162
77.84226306990314,11.0,Month-to-Month,Yes,163
64.801584434397,41.0,Two Year,No,164
76.43670197693669,28.0,Month-to-Month,No,165
81.94071361128627,16.0,Month-to-Month,No,166
61.981067520214395,41.0,Two Year,No,167
58.41762294727772,54.0,One Year,No,168
77.14549234704009,30.0,Two Year,Yes,169
50.18350478928356,4.0,Two Year,No,170
86.67497132338093,2.0,One Year,No,171
70.16443925675462,46.0,Two Year,No,172
68.27862397152452,3.0,Two Year,No,173
78.19023877526838,50.0,Two Year,Yes,174
77.25931780633145,21.0,Month-to-Month,No,175
70.0977711246836,6.0,Month-to-Month,Yes,176
83.17924615902871,43.0,Month-to-Month,No,177
59.914175419746215,53.0,Two Year,Yes,178
80.68534739940438,18.0,One Year,No,179
53.82064792496387,44.0,Month-to-Month,Yes,180
77.659734865977,5.0,One Year,Yes,181
65.08190055299565,9.0,Two Year,No,182
50.33370906446214,20.0,Month-to-Month,No,183
73.8496422571656,28.0,Two Year,Yes,184
69.48360260273907,26.0,One Year,Yes,185
46.85911735776807,18.0,Month-to-Month,Yes,186
38.29501686160404,19.0,Month-to-Month,No,187
67.71604249873758,3.0,Month-to-Month,No,188
94.27338941052741,9.0,Month-to-Month,Yes,189
74.81522512308867,36.0,One Year,No,190
59.975451449283334,31.0,Month-to-Month,No,191
86.22804273531786,49.0,Two Year,No,192
83.60835426811838,17.0,Month-to-Month,No,193
89.07368616984078,55.0,One Year,No,194
80.2584664651406,23.0,Month-to-Month,Yes,195
83.28853484666811,34.0,One Year,No,196
80.96662796518845,41.0,One Year,No,197
62.837425788753585,41.0,Two Year,No,198
45.440788908946075,5.0,Month-to-Month,No,199
62.182969063104224,15.0,Month-to-Month,No,200
86.5740546550203,47.0,Month-to-Month,No,201
64.28483745858142,3.0,Two Year,No,202
67.81811423338966,19.0,Two Year,No,203
52.51322600280332,28.0,One Year,No,204
61.733656417611655,3.0,One Year,Yes,205
69.86366249824862,38.0,One Year,No,206
77.3884326678813,4.0,Two Year,No,207
63.120085492365,24.0,Two Year,Yes,208
62.07193861573452,31.0,Two Year,Yes,209
82.63263347723301,45.0,One Year,No,210
74.87899789657335,59.0,Two Year,No,211
76.73008697788224,45.0,One Year,No,212
92.92480879102555,59.0,One Year,Yes,213
62.42388417384464,11.0,Month-to-Month,No,214
69.26471244277548,37.0,Month-to-Month,No,215
78.2673966163472,1.0,Month-to-Month,No,216
56.927389575129794,9.0,One Year,No,217
73.43574607378179,17.0,Month-to-Month,No,218
70.33294745888651,54.0,Month-to-Month,No,219
111.65949117353685,1.0,Month-to-Month,No,220
71.4980425249761,3.0,Two Year,No,221
87.35409648346499,47.0,One Year,No,222
82.44914820770263,26.0,Month-to-Month,No,223
52.65157595288518,53.0,Two Year,No,224
46.767642430589504,31.0,Two Year,No,225
73.70521908049442,26.0,Two Year,Yes,226
88.86001993220432,23.0,Month-to-Month,No,227
74.31872229344762,30.0,Two Year,No,228
71.18277706025762,10.0,One Year,No,229
65.73870020576125,8.0,Two Year,No,230
50.14058130105394,44.0,Two Year,Yes,231
55.59218923616481,25.0,Two Year,Yes,232
45.66529466740453,22.0,Two Year,No,233
53.45430101330123,15.0,One Year,No,234
62.109876438559745,59.0,Month-to-Month,Yes,235
81.64024032275479,41.0,One Year,No,236
63.32399108806604,56.0,One Year,No,237
73.83438678324576,57.0,Month-to-Month,No,238
72.02843816765022,10.0,Two Year,No,239
77.48573253224461,20.0,Month-to-Month,No,240
54.47777602724112,41.0,Month-to-Month,No,241
85.88790572685323,47.0,One Year,No,242
48.892345225696104,23.0,Month-to-Month,Yes,243
63.28280196420089,53.0,Two Year,No,244
69.68641888335132,53.0,One Year,Yes,245
81.4021727222462,1.0,Two Year,Yes,246
90.6896400332613,2.0,One Year,No,247
81.52047280192585,58.0,Two Year,No,248
91.23874536183789,19.0,Month-to-Month,No,249
57.56236105739043,14.0,Month-to-Month,No,250
87.85555720106814,8.0,Month-to-Month,No,251
85.2798509486995,38.0,Two Year,No,252
34.055874144615046,12.0,One Year,No,253
66.69303634158585,26.0,One Year,No,254
79.03056135072674,27.0,One Year,Yes,255
62.26879201831842,29.0,Month-to-Month,No,256
53.71262241555645,15.0,Two Year,No,257
101.71262826912813,46.0,One Year,No,258
71.6656022645636,53.0,Two Year,No,259
72.0760815123109,1.0,One Year,No,260
50.365088276874005,60.0,Month-to-Month,No,261
60.81458506305641,43.0,Two Year,No,262
56.53239055942145,28.0,One Year,No,263
86.18462845208954,57.0,One Year,Yes,264
77.56950431389077,3.0,One Year,No,265
61.44154460790206,51.0,One Year,No,266
78.40750357999322,18.0,Month-to-Month,No,267
66.19719781388385,52.0,One Year,No,268
73.51736076967812,60.0,One Year,No,269
73.44645830778559,34.0,Month-to-Month,Yes,270
76.30400815719399,32.0,One Year,No,271
74.49477885095119,29.0,Two Year,No,272
76.31574476747363,25.0,Two Year,No,273
88.83712465728361,60.0,One Year,No,274
79.60844129610285,26.0,Month-to-Month,No,275
64.94647355911061,39.0,Month-to-Month,No,276
68.53070881022238,8.0,Month-to-Month,No,277
88.452558819956,19.0,One Year,No,278
71.68633682422322,54.0,One Year,No,279
64.3897237396435,47.0,Two Year,No,280
60.53292486804946,42.0,Month-to-Month,No,281
74.09557162249371,22.0,One Year,No,282
57.17714796181636,29.0,One Year,No,283
89.2719313575146,33.0,One Year,Yes,284
54.432724693643806,38.0,Month-to-Month,No,285
92.17101588279132,45.0,Month-to-Month,No,286
65.72154526191326,46.0,Two Year,No,287
53.84893969558516,35.0,Month-to-Month,No,288
72.83763607848064,43.0,One Year,No,289
55.70441262678566,3.0,Two Year,No,290
70.5155764154539,19.0,Month-to-Month,No,291
61.33684702601001,10.0,Month-to-Month,No,292
84.17609901803637,27.0,Month-to-Month,No,293
72.05124414906449,15.0,Month-to-Month,No,294
52.17248751888198,11.0,One Year,No,295
61.04445189360992,47.0,Month-to-Month,No,296
80.57420874389695,26.0,One Year,No,297
89.30638155685713,59.0,One Year,No,298
69.32087788798475,24.0,One Year,No,299
54.33405157196644,13.0,Two Year,No,300
85.81054466276332,32.0,One Year,No,301
80.50845512340062,37.0,Month-to-Month,No,302
89.59809376453823,4.0,Two Year,No,303
74.3531367763196,13.0,Month-to-Month,No,304
62.19104626304661,9.0,One Year,No,305
77.75332728093369,57.0,Month-to-Month,No,306
74.89493835162372,49.0,Two Year,Yes,307
61.37689462230948,34.0,Two Year,Yes,308
72.9795787577111,56.0,Month-to-Month,No,309
67.0746116676693,37.0,Month-to-Month,No,310
81.1530676747552,48.0,Month-to-Month,Yes,311
77.38010365473153,7.0,Two Year,No,312
54.22612910078215,1.0,One Year,No,313
52.713661309585135,60.0,Month-to-Month,No,314
68.65283239639669,58.0,One Year,No,315
70.49228928068973,12.0,Two Year,No,316
81.4146516113774,21.0,Month-to-Month,No,317
77.69955865842833,11.0,Month-to-Month,Yes,318
91.88028464819114,44.0,Two Year,No,319
62.99209803586855,51.0,Month-to-Month,No,320
62.1357089585919,58.0,One Year,No,321
55.60278991532434,44.0,Two Year,No,322
81.2411067216262,44.0,Two Year,No,323
70.32628276023941,14.0,Month-to-Month,No,324
42.195947245575304,34.0,Two Year,No,325
73.0324806656184,34.0,Month-to-Month,No,326
73.98955251725606,25.0,Month-to-Month,No,327
67.83479585878234,4.0,Two Year,No,328
74.44982279437626,52.0,Month-to-Month,No,329
51.696464511614195,55.0,One Year,No,330
94.61547751150042,26.0,One Year,No,331
75.70389139113884,16.0,Month-to-Month,No,332
43.39451675382067,10.0,One Year,No,333
69.91154351004836,45.0,Month-to-Month,Yes,334
76.10080299478172,2.0,One Year,No,335
53.30601887615427,35.0,Two Year,No,336
78.00445418520157,19.0,Month-to-Month,Yes,337
95.21388434512997,6.0,Month-to-Month,Yes,338
60.33446409175706,19.0,Month-to-Month,No,339
76.42658043804916,59.0,Month-to-Month,Yes,340
73.12897898488295,53.0,Month-to-Month,Yes,341
84.52434999718572,52.0,Month-to-Month,No,342
68.36737143063786,51.0,Two Year,Yes,343
53.99925060457197,8.0,Two Year,No,344
83.5627337046206,14.0,One Year,No,345
54.89109113919785,10.0,Month-to-Month,No,346
97.13292066839416,3.0,One Year,No,347
78.4115402352275,38.0,One Year,No,348
61.01660895076952,29.0,Two Year,No,349
86.62977418759387,15.0,One Year,No,350
69.86216448953671,23.0,Two Year,No,351
66.67891658508965,23.0,One Year,No,352
59.78695935853352,18.0,Month-to-Month,No,353
41.827315007022435,46.0,One Year,No,354
79.06588855550241,19.0,Two Year,No,355
45.5780985727359,28.0,Two Year,No,356
58.100585022229325,26.0,Two Year,No,357
76.49266830775416,10.0,One Year,No,358
62.48985397756728,47.0,One Year,No,359
72.35727806186422,4.0,Two Year,Yes,360
51.7945702907552,55.0,Month-to-Month,No,361
64.77310940293148,2.0,Month-to-Month,No,362
72.45078557437282,3.0,One Year,No,363
55.727912260964175,7.0,One Year,Yes,364
95.29545216612883,55.0,Two Year,No,365
60.43864130678909,16.0,One Year,No,366
90.67625182023858,31.0,One Year,No,367
67.482916828803,10.0,Two Year,No,368
46.47286650877969,19.0,Two Year,No,369
52.94648787106521,28.0,One Year,No,370
72.6411893339707,17.0,Month-to-Month,No,371
85.49163628837636,28.0,One Year,No,372
96.54665698938044,19.0,Month-to-Month,No,373
71.92328092889942,37.0,Month-to-Month,No,374
52.34134378758128,23.0,Month-to-Month,No,375
74.17727620817118,20.0,Two Year,Yes,376
57.621779899597705,13.0,Two Year,No,377
75.88287431791828,13.0,Two Year,No,378
55.87788171391676,43.0,One Year,No,379
38.65644644245282,11.0,Two Year,No,380
89.75283489429847,48.0,Two Year,No,381
66.60374902982107,15.0,One Year,No,382
70.74490500724872,17.0,One Year,No,383
84.95052061359283,54.0,Month-to-Month,No,384
98.18270063997181,50.0,One Year,No,385
80.80120978223435,28.0,One Year,Yes,386
71.54502424305417,19.0,Two Year,No,387
76.9430931416986,4.0,Month-to-Month,No,388
65.57825435070043,22.0,Month-to-Month,No,389
70.5417156773446,22.0,One Year,No,390
72.17295456788776,55.0,Two Year,No,391
58.200621147953,37.0,Two Year,Yes,392
70.31760380316815,39.0,Two Year,No,393
75.50652778755895,34.0,Two Year,No,394
77.75525346363325,33.0,One Year,No,395
76.55985673643971,44.0,Two Year,No,396
49.91462172888439,42.0,Month-to-Month,No,397
88.43888413899485,40.0,Month-to-Month,Yes,398
87.19421841180724,33.0,One Year,No,399
68.55777387671816,12.0,Two Year,No,400
76.83263042658152,2.0,Two Year,No,401
66.75169349337237,59.0,Two Year,No,402
81.279364942172,28.0,Two Year,No,403
57.785922307999456,10.0,One Year,No,404
90.13690892936387,22.0,Two Year,Yes,405
80.53311417726935,17.0,One Year,No,406
80.88150687353337,26.0,Two Year,No,407
68.42420685361274,3.0,Two Year,No,408
48.810722426009605,7.0,Month-to-Month,No,409
83.25902050181155,44.0,One Year,Yes,410
49.30657997646175,8.0,Month-to-Month,No,411
83.43958990336819,20.0,One Year,No,412
58.41809174751665,12.0,Two Year,No,413
46.194270189540944,35.0,Two Year,No,414
70.01499555570295,17.0,One Year,No,415
87.7420082580761,28.0,Month-to-Month,No,416
55.5159437737197,41.0,One Year,No,417
93.9855193659224,10.0,One Year,No,418
79.85110815746012,22.0,Two Year,No,419
72.35139283548814,38.0,Month-to-Month,Yes,420
63.46563615641331,57.0,One Year,Yes,421
64.51153972307785,33.0,Month-to-Month,No,422
76.45250843126335,22.0,Month-to-Month,No,423
82.69061287778592,44.0,One Year,No,424
61.097556735218674,37.0,Month-to-Month,No,425
57.90230009072848,13.0,Two Year,No,426
66.79259772367199,27.0,Two Year,No,427
90.90443013786017,15.0,Two Year,No,428
51.74667489495299,22.0,Two Year,No,429
87.13716467114158,30.0,Month-to-Month,No,430
70.63419747389699,43.0,Two Year,No,431
45.208912852620784,40.0,One Year,No,432
63.07551397651477,37.0,Two Year,No,433
79.1450210941041,34.0,One Year,No,434
97.02720917561142,44.0,One Year,No,435
50.089409149276484,60.0,Two Year,No,436
27.712352859171133,34.0,Two Year,No,437
50.35670776813095,58.0,Month-to-Month,Yes,438
86.95623261799759,48.0,One Year,No,439
43.0938743939737,53.0,Two Year,No,440
92.4588083631908,35.0,Month-to-Month,No,441
88.2221342164288,42.0,Two Year,Yes,442
72.86554363094137,19.0,Two Year,No,443
60.60452034479458,8.0,Two Year,Yes,444
70.82890938725714,39.0,One Year,No,445
79.16631028210153,33.0,Two Year,No,446
76.87714697087948,44.0,Month-to-Month,No,447
96.09489059905158,28.0,Two Year,No,448
66.09846325260254,37.0,Two Year,No,449
50.48735539565503,48.0,Month-to-Month,No,450
47.84078939301813,25.0,Month-to-Month,Yes,451
44.840630979112746,36.0,One Year,No,452
72.94418383803409,17.0,One Year,Yes,453
66.48446948916315,24.0,One Year,No,454
70.48981904341407,21.0,One Year,No,455
61.94410688790725,2.0,Month-to-Month,No,456
53.34749711915984,31.0,Two Year,No,457
79.21503826941179,44.0,Two Year,Yes,458
33.05404150230623,33.0,Two Year,No,459
57.976066483693955,30.0,One Year,No,460
81.79735239952586,12.0,Month-to-Month,No,461
56.487423599454445,44.0,Month-to-Month,No,462
75.87513129697746,12.0,Month-to-Month,No,463
57.99611356695303,51.0,Two Year,No,464
63.16232689254569,57.0,One Year,No,465
78.62380773707197,49.0,Month-to-Month,No,466
50.83227524405301,52.0,One Year,No,467
81.17917495114519,24.0,Month-to-Month,Yes,468
70.68880738671649,24.0,One Year,Yes,469
88.84658301068545,58.0,Month-to-Month,No,470
73.12224957470109,60.0,One Year,Yes,471
53.95770069280979,11.0,Month-to-Month,No,472
95.91991632911854,13.0,Month-to-Month,No,473
55.210855827967634,27.0,One Year,No,474
66.59265873799086,8.0,One Year,No,475
84.3611339044266,10.0,Two Year,No,476
41.80108337974542,8.0,One Year,Yes,477
91.5950347017081,20.0,Month-to-Month,No,478
52.736735615105296,8.0,Month-to-Month,No,479
63.175008702436415,9.0,One Year,No,480
74.33286856296513,7.0,Two Year,No,481
69.37441215871898,14.0,One Year,Yes,482
81.83764087675681,28.0,Month-to-Month,No,483
45.98788643543424,2.0,Month-to-Month,Yes,484
80.91177030659075,57.0,Two Year,Yes,485
82.10863581660296,43.0,One Year,No,486
85.4383874386884,8.0,Month-to-Month,No,487
46.155088420503844,13.0,Month-to-Month,No,488
47.96597149256466,21.0,Month-to-Month,No,489
64.86436525512232,47.0,One Year,No,490
49.587613280459486,28.0,One Year,No,491
42.94048150878244,35.0,Two Year,No,492
64.21803914168251,23.0,Month-to-Month,No,493
73.51137042186647,46.0,Month-to-Month,No,494
111.9846929544199,15.0,Two Year,No,495
78.23012731068536,2.0,Month-to-Month,No,496
96.28404999849728,51.0,Two Year,No,497
69.33773370439634,12.0,Two Year,No,498
78.3934898930094,57.0,Month-to-Month,No,499
67.80793456700837,52.0,One Year,No,500
110.24684825075335,36.0,One Year,No,501
59.71613704706413,3.0,One Year,No,502
61.75038549800214,5.0,One Year,No,503
81.94811031484306,3.0,Month-to-Month,No,504
73.11209355458989,57.0,Two Year,No,505
63.63756994784326,47.0,Two Year,No,506
84.40565723107235,19.0,Month-to-Month,No,507
69.38279252903317,2.0,One Year,No,508
69.27704908828917,44.0,Two Year,Yes,509
73.45873461293337,37.0,Month-to-Month,No,510
43.98818965731492,54.0,Month-to-Month,No,511
46.10119012315846,17.0,One Year,No,512
86.30343418880211,14.0,Month-to-Month,No,513
59.84557493623743,28.0,Two Year,No,514
68.00572977685457,27.0,Two Year,No,515
94.1865795418439,54.0,Month-to-Month,Yes,516
68.68198816105622,10.0,Two Year,No,517
66.84866778839259,3.0,Month-to-Month,No,518
83.44116384242935,36.0,Two Year,No,519
61.02602625170711,38.0,One Year,Yes,520
88.0439384392306,56.0,Two Year,No,521
83.1333687915472,25.0,One Year,Yes,522
97.45499792962505,22.0,One Year,No,523
59.64485435084201,48.0,Month-to-Month,Yes,524
90.5046196930362,39.0,One Year,No,525
78.3113816050589,47.0,Two Year,No,526
50.119504244874676,30.0,Two Year,No,527
31.05735363333016,21.0,One Year,Yes,528
58.02959676857006,30.0,Month-to-Month,No,529
74.38521711018629,28.0,One Year,Yes,530
76.56021898911712,31.0,Two Year,No,531
69.11378402072403,57.0,Two Year,No,532
69.24805951115451,52.0,One Year,No,533
68.11009749849715,26.0,One Year,No,534
85.46825700607536,43.0,One Year,Yes,535
48.45565452575393,22.0,Two Year,No,536
74.02434786301417,21.0,Two Year,No,537
57.65873086205438,1.0,Two Year,No,538
56.40188402413848,37.0,Month-to-Month,No,539
87.64345845860254,13.0,Two Year,No,540
55.25105384620086,21.0,Two Year,Yes,541
67.90722649150207,46.0,Month-to-Month,No,542
99.37747602818492,9.0,Month-to-Month,No,543
82.57115452122513,17.0,Month-to-Month,No,544
63.17544530559433,47.0,Month-to-Month,No,545
64.41440412391178,21.0,Month-to-Month,No,546
51.591956520125606,31.0,Month-to-Month,Yes,547
89.50967863399077,39.0,One Year,No,548
85.17027711881602,59.0,One Year,No,549
80.29903410804671,54.0,One Year,No,550
81.95249417213708,22.0,One Year,No,551
58.38213085903865,12.0,Two Year,No,552
46.78131335896224,55.0,Month-to-Month,No,553
78.40810637955714,6.0,Two Year,No,554
83.32836810432092,53.0,Month-to-Month,Yes,555
94.10570024690443,16.0,Month-to-Month,No,556
66.98664690589857,26.0,Two Year,No,557
64.79873082129521,5.0,One Year,No,558
66.41109692995816,9.0,Two Year,No,559
80.06115738149332,46.0,Two Year,No,560
65.76866075987131,40.0,Month-to-Month,Yes,561
69.2164136985499,14.0,Month-to-Month,No,562
82.4657933685843,44.0,Month-to-Month,No,563
60.612457671493964,42.0,One Year,No,564
90.86730978132645,30.0,Two Year,No,565
79.49633510989864,52.0,Two Year,No,566
42.13569055989527,52.0,One Year,Yes,567
62.269687052074524,26.0,Two Year,No,568
39.634847526908366,53.0,Two Year,No,569
67.049809025698,45.0,Month-to-Month,No,570
62.525333438191964,29.0,One Year,No,571
82.52282138800282,19.0,Month-to-Month,No,572
56.78472476566999,47.0,One Year,No,573
75.81602502901735,8.0,Month-to-Month,No,574
78.5327141420265,23.0,Two Year,No,575
73.85792278342021,53.0,One Year,No,576
87.10185372658793,42.0,One Year,No,577
101.02433276262813,35.0,Month-to-Month,No,578
71.67912914048601,31.0,One Year,No,579
76.07769275335552,53.0,Two Year,No,580
56.79584569251834,35.0,Two Year,No,581
54.70714878965136,32.0,Two Year,Yes,582
85.50744475499093,58.0,Month-to-Month,Yes,583
83.52288259155037,5.0,One Year,Yes,584
54.555701887431056,16.0,Month-to-Month,No,585
50.376691862357916,17.0,Two Year,Yes,586
60.26894792979115,32.0,One Year,Yes,587
67.87933045848834,38.0,Two Year,No,588
63.86310387275134,58.0,One Year,No,589
72.4077230249838,32.0,One Year,Yes,590
83.75593768558909,52.0,Month-to-Month,No,591
76.93156568132407,20.0,One Year,No,592
78.04181496526185,48.0,Two Year,No,593
33.226954083866836,56.0,One Year,No,594
45.79145469821376,2.0,Two Year,No,595
58.05314788530914,20.0,Month-to-Month,No,596
60.529095277607404,47.0,Two Year,No,597
82.5974175240885,18.0,One Year,No,598
56.81647852797803,1.0,Two Year,No,599
80.00391492036053,58.0,Two Year,No,600
58.22341391790553,29.0,One Year,No,601
51.98673568910777,29.0,Two Year,No,602
52.683255114343126,19.0,One Year,No,603
103.87399739933834,44.0,Month-to-Month,No,604
57.88952547235009,40.0,Two Year,No,605
80.36480813290511,6.0,Month-to-Month,No,606
46.627023553746994,44.0,Two Year,No,607
91.28393506268102,39.0,Two Year,No,608
75.2356171759557,50.0,Month-to-Month,No,609
74.10968303189331,54.0,Two Year,No,610
76.20740984714979,46.0,Two Year,No,611
77.85999586668026,8.0,Month-to-Month,No,612
82.1360088826732,24.0,Two Year,No,613
61.01353872686458,20.0,One Year,Yes,614
60.136175593418166,54.0,Two Year,No,615
70.73835817072101,14.0,Two Year,No,616
80.26641640627463,5.0,Two Year,No,617
69.00016785666266,41.0,Month-to-Month,No,618
81.60852693698655,40.0,One Year,No,619
79.26755174052876,34.0,One Year,No,620
66.74525107875961,60.0,Two Year,No,621
43.792300453287254,16.0,Month-to-Month,No,622
62.44708081969133,45.0,Month-to-Month,No,623
96.14195850714512,7.0,One Year,No,624
75.10089476058549,16.0,Month-to-Month,No,625
60.40674803094861,7.0,Two Year,No,626
73.75977366411848,27.0,Two Year,No,627
80.14966102491702,14.0,Month-to-Month,No,628
60.4140158582255,14.0,Two Year,No,629
88.53075841182844,44.0,One Year,No,630
77.43547031745476,33.0,Two Year,No,631
53.501368402414904,33.0,Month-to-Month,Yes,632
82.8454942981356,44.0,One Year,No,633
63.85579922803457,20.0,Two Year,No,634
67.31304360541591,53.0,One Year,Yes,635
54.76046954547833,47.0,Month-to-Month,No,636
79.47169619034746,36.0,Two Year,No,637
67.76702159956868,7.0,Two Year,No,638
80.10635431750914,32.0,One Year,No,639
61.735264164016456,48.0,Two Year,No,640
60.01895068194882,3.0,Two Year,No,641
58.803443926033744,39.0,Two Year,Yes,642
75.94048269314392,29.0,Two Year,No,643
59.79475263245895,24.0,Month-to-Month,Yes,644
66.95331026910381,22.0,Two Year,No,645
62.22359519040502,6.0,One Year,No,646
76.60125887346514,48.0,Month-to-Month,No,647
43.97046330093533,24.0,One Year,No,648
73.70549305335008,40.0,One Year,No,649
95.9701478364371,23.0,One Year,No,650
88.54039163100546,54.0,Month-to-Month,No,651
60.75020317039792,38.0,Month-to-Month,No,652
77.41902664247476,10.0,Month-to-Month,No,653
74.50848209259858,16.0,Two Year,Yes,654
92.04088094743207,11.0,One Year,No,655
32.34827616515849,32.0,Month-to-Month,No,656
86.69301053402747,45.0,One Year,No,657
65.98723490854194,6.0,Month-to-Month,No,658
58.851565908243735,24.0,Month-to-Month,No,659
58.42296956808062,33.0,Month-to-Month,No,660
50.5014052568308,53.0,One Year,Yes,661
60.788223887890965,51.0,Two Year,No,662
53.80398919102907,12.0,Month-to-Month,No,663
72.70325755760977,56.0,Month-to-Month,Yes,664
78.8490644849257,27.0,Month-to-Month,No,665
66.15139885542457,38.0,Two Year,No,666
92.49584809384248,18.0,One Year,No,667
61.773680718145926,45.0,One Year,No,668
65.36706366405112,39.0,One Year,No,669
62.90589035607364,55.0,One Year,No,670
78.97928310871592,13.0,Month-to-Month,Yes,671
80.49360254277832,53.0,Two Year,No,672
77.43050325956645,40.0,Month-to-Month,Yes,673
68.13837019093796,30.0,Two Year,No,674
49.890657113831665,53.0,One Year,No,675
65.2083912878424,49.0,Two Year,No,676
92.17209570850797,41.0,Month-to-Month,No,677
85.1985683115248,52.0,Month-to-Month,No,678
74.4107559503008,13.0,One Year,No,679
64.23321914322335,34.0,Month-to-Month,No,680
69.79572283998213,36.0,Month-to-Month,No,681
64.29993641446428,30.0,Two Year,No,682
87.8957753212532,25.0,Month-to-Month,Yes,683
57.41549502409877,2.0,One Year,No,684
83.85503923445467,36.0,One Year,No,685
62.06196142511849,18.0,Month-to-Month,Yes,686
89.81390245542988,5.0,One Year,No,687
76.4016388571201,19.0,Two Year,No,688
58.759189000826964,42.0,Two Year,No,689
65.36031379746989,18.0,Month-to-Month,No,690
80.67460910084989,57.0,Month-to-Month,No,691
62.51285764638911,32.0,Two Year,No,692
70.33204728071809,21.0,One Year,No,693
62.30583746276584,10.0,Month-to-Month,Yes,694
96.3867572237282,37.0,Month-to-Month,No,695
98.96607839426996,49.0,One Year,No,696
91.94685930087586,22.0,Month-to-Month,No,697
68.1343905229925,13.0,One Year,No,698
63.95871029939548,55.0,One Year,No,699
58.31254630728806,17.0,One Year,Yes,700
93.0358193620466,9.0,One Year,No,701
83.96085566051754,24.0,One Year,Yes,702
84.6814132226101,44.0,Two Year,Yes,703
66.25108094678663,14.0,One Year,Yes,704
43.63153773613138,46.0,Two Year,No,705
47.08063585688855,8.0,One Year,No,706
70.86451094353764,55.0,Month-to-Month,No,707
62.15988615450497,37.0,Two Year,No,708
60.434480584110524,19.0,Month-to-Month,Yes,709
75.17722560592937,28.0,One Year,No,710
85.20489744789238,46.0,One Year,No,711
59.48159397104876,41.0,Month-to-Month,No,712
50.41585471515734,30.0,One Year,No,713
59.8379323678341,7.0,Month-to-Month,Yes,714
54.34054056172101,59.0,One Year,No,715
78.89248923888982,58.0,One Year,No,716
69.93836868685118,26.0,Two Year,No,717
98.2073384235334,40.0,Month-to-Month,No,718
81.02027679457393,46.0,One Year,No,719
97.20784205497247,54.0,Month-to-Month,No,720
48.94186960138576,60.0,Two Year,No,721
21.207118053525754,46.0,Month-to-Month,Yes,722
73.64488042653102,11.0,Two Year,No,723
71.8483036148816,14.0,Month-to-Month,No,724
68.15821878178095,21.0,Month-to-Month,No,725
71.43695088444467,8.0,Two Year,No,726
53.13960722904088,3.0,One Year,No,727
78.44768046826675,28.0,One Year,No,728
81.04289860153506,29.0,One Year,No,729
52.00376924495339,23.0,Month-to-Month,Yes,730
64.69545368726064,18.0,Month-to-Month,Yes,731
65.62204226290359,35.0,One Year,No,732
59.937836467595815,13.0,Month-to-Month,No,733
52.583314148001676,12.0,Month-to-Month,No,734
70.18757486538136,47.0,One Year,No,735
73.91208280996447,50.0,Two Year,No,736
60.84726836853557,5.0,Month-to-Month,No,737
53.63817103365314,39.0,Month-to-Month,No,738
76.15835867562059,11.0,Month-to-Month,No,739
58.49019287146517,58.0,Month-to-Month,No,740
65.36191729601191,59.0,Two Year,No,741
63.4588505776267,11.0,One Year,No,742
88.68562996254492,59.0,Month-to-Month,No,743
59.17854303919573,47.0,One Year,Yes,744
95.88289868513476,42.0,Month-to-Month,No,745
81.28452907212261,47.0,Two Year,No,746
97.3134801368403,31.0,One Year,No,747
79.9695824436951,31.0,Two Year,No,748
66.68433328446744,13.0,Month-to-Month,No,749
56.239505062717086,14.0,Two Year,No,750
64.6688291383859,49.0,Two Year,No,751
92.30921537834841,45.0,Month-to-Month,No,752
69.28091811482672,42.0,Month-to-Month,No,753
79.91379080732662,25.0,One Year,No,754
73.10457017598989,33.0,Month-to-Month,Yes,755
73.74491767763861,33.0,One Year,No,756
74.32239525947372,15.0,Two Year,No,757
77.43012230248678,16.0,Two Year,Yes,758
57.788387633637846,44.0,One Year,No,759
65.87643593640708,58.0,Month-to-Month,No,760
74.6396999952451,56.0,Month-to-Month,No,761
72.45230833750296,38.0,Two Year,No,762
63.081930945816495,6.0,One Year,No,763
76.24901372141657,44.0,Two Year,No,764
58.43287965164171,25.0,Two Year,No,765
51.65490746595596,15.0,Month-to-Month,Yes,766
74.42478651833716,4.0,One Year,No,767
52.02262393718864,56.0,Two Year,No,768
74.20186003629453,4.0,Month-to-Month,Yes,769
40.679785066018695,30.0,Two Year,Yes,770
59.12518241264801,34.0,Two Year,No,771
65.08634630426327,27.0,Month-to-Month,No,772
45.900472380735096,31.0,Month-to-Month,Yes,773
64.4099159069024,56.0,One Year,No,774
87.77529456928616,32.0,Two Year,No,775
50.94536909674667,44.0,One Year,Yes,776
64.81940131717974,39.0,Month-to-Month,No,777
95.53967004058299,52.0,Month-to-Month,No,778
54.07208705483848,9.0,Two Year,No,779
90.95835027600809,41.0,One Year,No,780
65.81492079931056,8.0,One Year,Yes,781
71.52868128824373,14.0,Two Year,No,782
89.37223347114076,33.0,Two Year,Yes,783
62.72353091048471,23.0,One Year,No,784
79.46538510105228,21.0,Month-to-Month,No,785
83.26895660088381,55.0,Month-to-Month,No,786
60.23778989136899,12.0,Two Year,No,787
58.578547493518066,57.0,One Year,No,788
66.5709535652655,2.0,One Year,No,789
67.04026988258141,13.0,One Year,No,790
53.81578031363217,59.0,Month-to-Month,No,791
60.375992519979526,4.0,Month-to-Month,No,792
17.996437646917634,20.0,One Year,No,793
64.9859097505839,50.0,One Year,No,794
83.41591270451976,51.0,Two Year,No,795
44.999662978381764,48.0,Two Year,No,796
63.052832026847,59.0,One Year,No,797
106.63499211764834,14.0,One Year,No,798
69.66159937999699,30.0,Month-to-Month,No,799
90.35191551711955,29.0,One Year,No,800
54.82127017463204,8.0,Two Year,No,801
76.73227608658338,12.0,Month-to-Month,No,802
52.266726549374674,41.0,Two Year,No,803
76.01596922416427,38.0,Two Year,Yes,804
82.63372352139675,26.0,Month-to-Month,Yes,805
79.07463768294514,50.0,Two Year,No,806
64.82594011402723,2.0,One Year,No,807
74.12400349026838,55.0,Two Year,No,808
74.26737903114243,40.0,Month-to-Month,Yes,809
79.98984483182728,56.0,Month-to-Month,No,810
68.1434957769012,14.0,Month-to-Month,Yes,811
83.96708200352852,6.0,Two Year,No,812
91.51908098944087,42.0,One Year,No,813
65.231988299425,40.0,Month-to-Month,Yes,814
70.69659591912941,31.0,One Year,No,815
56.42777824282432,17.0,Month-to-Month,No,816
75.10385985736401,25.0,One Year,No,817
75.19956591671192,32.0,One Year,No,818
70.86979577550554,12.0,One Year,No,819
72.00099481451905,49.0,Month-to-Month,No,820
98.8273958361128,13.0,Two Year,No,821
26.69915793904785,19.0,Two Year,No,822
62.55014683060794,44.0,Two Year,No,823
64.8441448286188,48.0,One Year,No,824
91.85368919431451,25.0,Month-to-Month,No,825
77.12933213977871,31.0,One Year,No,826
77.49528754207235,59.0,Month-to-Month,No,827
88.89784286354687,37.0,One Year,No,828
67.3006494729508,25.0,Month-to-Month,No,829
79.78489803742347,16.0,Month-to-Month,No,830
62.038511677699645,57.0,Month-to-Month,No,831
54.200405112318066,38.0,One Year,No,832
96.91250480954483,43.0,Two Year,No,833
75.53547594646196,49.0,One Year,No,834
79.66993892311903,58.0,One Year,Yes,835
53.79737972851999,23.0,Month-to-Month,No,836
77.65528968792832,14.0,Month-to-Month,No,837
96.67349120307759,6.0,Two Year,No,838
65.83824897423408,25.0,Two Year,No,839
51.16300838232094,23.0,Month-to-Month,Yes,840
72.75964290481167,60.0,Two Year,No,841
54.461546421845576,43.0,Two Year,No,842
46.63301955293466,12.0,Month-to-Month,No,843
58.97851457888822,13.0,One Year,No,844
62.61103307835996,36.0,Two Year,Yes,845
55.191253081735624,39.0,Month-to-Month,Yes,846
89.89700173207841,34.0,Two Year,No,847
98.34415006959212,6.0,Two Year,No,848
79.27132024311149,38.0,Month-to-Month,No,849
75.76293238154591,50.0,Two Year,No,850
67.86927830933332,52.0,Two Year,No,851
56.555007788304046,40.0,Two Year,No,852
94.04365346610453,8.0,One Year,Yes,853
69.05719754364483,8.0,One Year,No,854
63.061217919002495,40.0,Two Year,Yes,855
85.22134936004804,33.0,Month-to-Month,No,856
68.8962371517938,34.0,Two Year,No,857
84.65941364637219,44.0,Two Year,Yes,858
63.853769401966844,15.0,One Year,Yes,859
85.2645538818051,36.0,One Year,No,860
84.69650825412046,60.0,One Year,No,861
89.8724263298514,57.0,Two Year,No,862
59.358627406097604,35.0,Two Year,Yes,863
68.75440845431515,46.0,Month-to-Month,Yes,864
99.21655118404374,22.0,Two Year,Yes,865
66.30381881343322,23.0,Two Year,No,866
82.16538697048715,40.0,One Year,No,867
104.35847526432883,45.0,One Year,No,868
42.264382061988066,55.0,One Year,No,869
65.80666543042638,51.0,One Year,No,870
70.02805275837814,22.0,One Year,No,871
43.01682011089156,5.0,Month-to-Month,No,872
63.16043173029186,31.0,Month-to-Month,No,873
55.42928084418901,13.0,Month-to-Month,No,874
82.86528202526266,28.0,One Year,No,875
44.01028967308602,58.0,One Year,No,876
98.3398393297082,20.0,One Year,No,877
80.34846119886917,33.0,Month-to-Month,No,878
54.19267629659442,16.0,One Year,No,879
85.39629182307966,29.0,Month-to-Month,Yes,880
78.95469510276267,23.0,One Year,No,881
69.41848562813988,24.0,Two Year,Yes,882
59.178146761362,34.0,Month-to-Month,No,883
78.21494923011225,7.0,Two Year,No,884
71.84380548621894,38.0,Month-to-Month,No,885
59.66139231602223,37.0,One Year,Yes,886
49.8511735885574,4.0,One Year,Yes,887
57.241164687442996,34.0,Two Year,No,888
62.45053216544162,42.0,One Year,No,889
87.43730926287212,22.0,Month-to-Month,No,890
82.91138424635862,5.0,One Year,No,891
63.24898698528887,50.0,One Year,No,892
63.83209060461411,42.0,Month-to-Month,No,893
84.8702841932755,23.0,Two Year,No,894
74.01020124137894,54.0,Two Year,No,895
73.80122139811449,60.0,One Year,No,896
59.449368917585225,15.0,Month-to-Month,No,897
68.14871714427781,31.0,Two Year,Yes,898
70.06392500828632,59.0,Two Year,No,899
68.63212379539434,9.0,One Year,Yes,900
81.01101867783794,,Month-to-Month,No,901
81.48030759124075,,Two Year,No,902
56.21563247950695,,One Year,No,903
62.49678226373684,,One Year,No,904
59.68939700169555,,One Year,Yes,905
90.82788649165322,,One Year,No,906
103.8023579464876,,Two Year,No,907
63.04567937294633,,Month-to-Month,Yes,908
67.49357131664675,,One Year,No,909
82.63472246795996,,One Year,No,910
59.39183381155415,,Two Year,No,911
82.97362491373715,,One Year,No,912
69.68696105406681,,One Year,No,913
43.843904455750554,,Month-to-Month,No,914
50.49349629442458,,One Year,No,915
64.93218899123812,,Two Year,No,916
88.34422832186269,,Month-to-Month,No,917
56.61198102416533,,Two Year,No,918
61.988490980380526,,Month-to-Month,Yes,919
73.16686340173896,,Month-to-Month,Yes,920
44.96852565908488,,One Year,No,921
74.47829921586471,,One Year,No,922
46.84389870851347,,One Year,No,923
78.50776314192679,,Two Year,No,924
57.86832876643908,,One Year,No,925
55.86926289677777,,One Year,Yes,926
74.09194936797691,,Month-to-Month,No,927
81.90985764251599,,One Year,No,928
75.6438978408578,,One Year,No,929
73.11465249775534,,One Year,No,930
73.32703314125845,,One Year,No,931
75.73482831642492,,Month-to-Month,No,932
76.72054294072757,,One Year,Yes,933
64.08578424899571,,Month-to-Month,No,934
79.8175442317111,,Two Year,No,935
58.02714662228199,,One Year,No,936
86.37089895432062,,One Year,No,937
81.73665473182723,,One Year,Yes,938
102.71351506877062,,Month-to-Month,Yes,939
77.70772676958354,,One Year,No,940
83.63649529821384,,One Year,No,941
46.59192567981094,,Two Year,No,942
84.12545113458584,,Month-to-Month,No,943
87.64684033546396,,Month-to-Month,No,944
92.57081940082676,,Two Year,No,945
71.80699528512248,,Month-to-Month,No,946
64.87159935837985,,One Year,No,947
53.65727837085068,,One Year,No,948
55.02946057199442,,Two Year,Yes,949
69.61589988166425,,Month-to-Month,No,950
,,nan,Yes,951
,,nan,No,952
,,nan,No,953
,,nan,Yes,954
,,nan,No,955
,,nan,No,956
,,nan,Yes,957
,,nan,Yes,958
,,nan,No,959
,,nan,No,960
,,nan,No,961
,,nan,No,962
,,nan,No,963
,,nan,No,964
,,nan,No,965
,,nan,No,966
,,nan,No,967
,,nan,No,968
,,nan,Yes,969
,,nan,No,970
,,nan,nan,971
,,nan,nan,972
,,nan,nan,973
,,nan,nan,974
,,nan,nan,975
,,nan,nan,976
,,nan,nan,977
,,nan,nan,978
,,nan,nan,979
,,nan,nan,980
,,nan,nan,981
,,nan,nan,982
,,nan,nan,983
,,nan,nan,984
,,nan,nan,985
,,nan,nan,986
,,nan,nan,987
,,nan,nan,988
,,nan,nan,989
,,nan,nan,990
,,nan,nan,991
,,nan,nan,992
,,nan,nan,993
,,nan,nan,994
,,nan,nan,995
,,nan,nan,996
,,nan,nan,997
,,nan,nan,998
,,nan,nan,999
,,nan,nan,1000
