CustomerID,MonthlyCharges,TenureMonths,ContractType,LastInteraction
752,76.48907958609124,9,Month to Month,2023-10-15
486,91.8580756385224,43,Month-to-Month,2023-01-24
620,71.32745212967404,34,One Year,
499,100.12297214213481,45,Month-to-Month,
400,91.38323183564901,1,Month-to-Month,2023-07-05
397,77.07618170707684,40,Month to Month,2023-06-19
804,96.51172454064269,15,Oneyear,2023-10-18
812,110.0455348580411,54,Twoyears,2023-02-01
100,118.74001430901158,32,Twoyears,2023-10-28
81,96.3679249042074,34,One Year,2023-06-25
782,76.477548052162,35,Month-to-Month,2023-12-30
861,110.53530928722512,53,Month to Month,2023-12-08
17,104.78942944909852,49,Month to Month,2023-06-26
705,117.69856237771708,50,Twoyears,2023-10-17
212,96.76064988919983,59,Month to Month,2023-05-24
865,87.85519575591739,28,Oneyear,2023-01-11
126,118.14200602316292,17,Month-to-Month,2023-05-27
822,96.92222907181034,46,Two Year,2023-12-14
638,70.79528381541166,11,Twoyears,
130,93.68345063418505,23,Twoyears,2023-11-06
657,70.11890154661934,55,One Year,2023-07-14
768,106.88539066614791,26,Two Year,2023-03-17
535,98.29725567793366,46,Oneyear,2023-06-09
214,75.49005559951985,5,Twoyears,2023-04-10
129,110.65056536234827,26,Month-to-Month,2023-04-26
524,96.82186186071232,6,Two Year,
653,75.70301888414154,51,Two Year,2023-03-24
462,78.00054376294143,43,Twoyears,2023-11-08
780,111.10519259354223,34,Two Year,2023-03-04
57,87.77434377325919,42,One Year,2023-05-12
598,111.05480379244115,13,Month-to-Month,2023-09-05
274,73.47516789688962,25,Month to Month,
615,82.1929531147052,2,Month-to-Month,2023-05-11
339,108.2291297862632,14,Twoyears,
862,102.08510604600167,17,Two Year,
143,85.3412259496627,41,Month-to-Month,
423,116.80132184498217,40,Month to Month,2023-06-07
334,80.55331177249418,40,One Year,2023-08-04
841,112.4889784713815,39,Month-to-Month,2023-11-22
688,104.78719357808538,25,Month-to-Month,2023-02-03
133,76.0558537730801,27,One Year,
856,97.75578137952503,48,One Year,2023-11-28
264,116.49537903659783,51,Twoyears,2023-10-25
147,100.94480244459754,24,Two Year,2023-10-06
436,96.44036991872126,49,Two Year,2023-10-23
12,88.31615953430708,33,Twoyears,2023-01-15
840,109.43940703451077,27,One Year,2023-04-25
55,115.65296069418208,45,Month to Month,2023-02-26
230,107.66583940715776,31,Two Year,
122,106.26246797719656,48,Month to Month,2023-05-22
861,79.62451845491418,38,One Year,2023-07-26
233,111.69931709655279,15,Month-to-Month,2023-05-20
162,72.03479275505327,44,Twoyears,2023-04-17
594,107.86807382679848,56,One Year,
559,80.54350172241107,40,One Year,2023-10-18
876,94.36306349922447,58,Oneyear,
803,104.7616973515714,1,One Year,2023-03-19
500,107.95392065360087,11,Two Year,2023-01-02
672,114.40419705970713,15,Month-to-Month,2023-10-01
179,84.12960721474293,33,Month to Month,2023-02-04
362,81.21601215142866,57,Oneyear,2023-09-22
208,119.81231036874073,48,Twoyears,
552,80.37790843912444,32,Two Year,2023-08-06
726,103.27403733631768,25,Month-to-Month,2023-03-08
432,117.63723457077701,39,Month to Month,2023-03-10
456,114.82779934898929,33,Month-to-Month,2023-08-12
504,92.1631718713626,29,Two Year,2023-12-27
864,101.87908355569022,58,Twoyears,2023-10-21
154,96.45481415218147,34,Twoyears,2023-11-22
338,87.33277915585238,8,Month-to-Month,2023-07-22
293,77.22110505290266,56,One Year,2023-03-22
436,110.16971153381388,11,Month-to-Month,2023-03-07
396,74.52208438645349,13,One Year,2023-10-24
166,100.48136906782207,5,Twoyears,2023-10-07
452,99.7184586255328,50,Two Year,2023-09-18
784,86.74121692827416,19,Oneyear,2023-10-04
536,76.77042787491123,21,One Year,2023-01-06
401,109.98185636652948,3,Twoyears,2023-05-12
115,93.0962206058661,26,Month-to-Month,2023-09-22
351,106.26364457389764,33,Twoyears,2023-11-21
260,70.82429010266677,30,Month-to-Month,2023-03-09
818,73.72515821385116,22,Month-to-Month,2023-05-06
876,78.79238422638099,5,Twoyears,
226,75.69190419441563,19,Two Year,
614,79.5853385480869,9,Month to Month,2023-11-11
486,104.32440341280753,58,Month-to-Month,2023-06-20
131,72.3498536256094,24,Month-to-Month,2023-12-02
264,71.89328060535252,39,One Year,2023-01-29
524,71.58260512417773,12,Oneyear,2023-06-25
834,104.88245623037656,46,Twoyears,2023-11-03
181,96.80677361975947,48,Month-to-Month,2023-10-19
349,88.5121205834444,45,Two Year,2023-11-28
471,103.78039540547655,27,Month to Month,2023-04-15
161,97.68021361240751,50,Month to Month,2023-02-14
114,70.36674202880315,42,Month to Month,2023-04-11
18,111.92748724810244,53,Two Year,2023-08-14
104,87.50921915957028,21,Month to Month,2023-04-14
186,89.97806316144926,38,Twoyears,2023-09-19
342,109.11449774800607,54,Month to Month,2023-09-10
462,79.35454078648013,35,One Year,2023-06-14
605,70.50359277222788,32,Month to Month,2023-10-19
813,115.44191723649527,59,One Year,2023-07-31
143,95.27391277709364,36,One Year,2023-05-24
655,87.47635650498569,33,One Year,2023-08-24
813,110.95227898097703,43,Two Year,2023-01-22
612,71.31474565976154,17,Month-to-Month,2023-03-10
453,80.11454105693412,5,Oneyear,2023-03-10
451,77.7644031237443,44,Twoyears,2023-09-03
62,106.89153421280349,20,Twoyears,2023-03-04
596,85.60433753414831,23,Month to Month,2023-08-25
276,108.64533727697608,39,Oneyear,2023-11-27
679,72.07382219687975,4,Month-to-Month,2023-12-29
295,100.40577889000792,26,One Year,2023-01-19
129,85.9110362186779,30,One Year,2023-08-19
364,79.34599676291529,48,One Year,2023-08-17
67,110.83824962088795,47,One Year,2023-12-24
47,90.61250617982836,46,Month to Month,
374,98.58147986050548,29,Month-to-Month,2023-05-07
822,71.6541921889771,34,Month-to-Month,2023-05-26
660,109.5812258639215,10,Month-to-Month,
762,84.34412727693633,20,Oneyear,2023-11-25
137,104.67030688857676,24,Twoyears,2023-04-24
95,108.02372923930471,34,One Year,2023-08-31
238,75.85581287364217,37,Two Year,2023-05-25
796,84.7950281987282,13,Twoyears,2023-02-10
832,106.1720040994823,23,Month-to-Month,2023-06-10
35,81.60887737222372,10,Oneyear,2023-12-04
296,112.40869760272736,22,Month to Month,
893,85.59867654415748,45,One Year,2023-03-18
870,90.11651037832895,14,Oneyear,2023-06-17
492,74.98716736144044,25,Twoyears,2023-10-11
258,77.38375593046888,18,Two Year,2023-04-20
387,83.77108141207823,20,Two Year,2023-07-14
270,72.44544141247255,55,Month to Month,2023-08-16
867,79.65161398730822,28,Month-to-Month,2023-06-16
324,90.44715133330672,8,Month-to-Month,2023-01-21
47,88.99811234336245,5,Oneyear,2023-06-14
606,79.93471899134957,21,Twoyears,2023-05-10
694,74.02253419267255,20,Oneyear,2023-09-19
702,85.90739174170288,57,Twoyears,2023-02-21
487,107.26733037996584,44,Month-to-Month,2023-09-18
563,95.50497860881103,16,Month-to-Month,2023-06-24
718,117.34019871099639,58,Oneyear,2023-10-26
816,76.99431638718546,20,One Year,2023-04-06
411,80.36589723268585,51,Twoyears,2023-12-23
845,84.01497668194985,25,Twoyears,
125,70.65009499065206,7,Two Year,2023-02-09
212,117.16902392284406,25,Two Year,
369,92.2681915721484,36,Month to Month,2023-07-28
266,94.08247386155782,51,Two Year,2023-05-22
135,77.89287132492942,10,Twoyears,2023-09-15
884,113.63488450537832,40,Oneyear,2023-06-16
785,104.63161183215344,16,One Year,2023-07-10
790,91.5680493761955,4,Oneyear,2023-11-15
315,113.89857483230472,10,Month-to-Month,2023-04-29
300,115.27288691321579,51,Twoyears,2023-05-26
779,72.47402705190294,48,Month-to-Month,2023-12-16
298,75.96622948564391,31,Twoyears,2023-12-01
279,71.38141496781508,12,Two Year,2023-05-09
374,99.0865123549132,20,One Year,2023-05-25
726,80.8971930088118,32,Twoyears,2023-02-23
488,112.2464041766496,2,Month to Month,2023-05-02
62,93.29569302587942,60,Oneyear,2023-05-04
879,111.88548731970636,11,Month to Month,2023-06-16
54,97.7802611731098,20,Month to Month,2023-11-18
338,109.808389859084,23,Month to Month,2023-05-23
375,88.59275040986188,13,Month to Month,2023-01-22
877,117.26969202732197,35,Oneyear,2023-10-03
474,103.35793612312557,17,Month-to-Month,2023-12-15
112,99.77452721989697,10,Oneyear,
269,87.61783419120957,40,Month-to-Month,2023-10-26
324,116.85919894522382,38,Month-to-Month,2023-10-04
619,86.88672001138386,14,Oneyear,2023-10-31
795,111.7929717613053,19,Oneyear,2023-11-18
883,90.21541079641695,32,Oneyear,2023-04-25
680,108.35920007507974,56,Twoyears,2023-09-29
586,115.59389577903666,54,Month-to-Month,2023-06-17
748,93.28035584803742,33,Oneyear,2023-10-04
604,96.30676061200492,57,One Year,2023-12-23
85,86.51714529663927,43,Two Year,2023-09-21
372,72.73478363875876,25,Two Year,2023-09-07
75,102.624059899086,25,One Year,
596,75.98212622695279,14,Two Year,2023-09-12
757,87.70294643478219,45,Month-to-Month,2023-12-08
508,87.47469549282047,44,Oneyear,2023-02-27
228,77.55019097372872,54,Oneyear,2023-01-05
595,103.33551579571025,38,Twoyears,2023-04-21
394,78.72996654093461,36,Oneyear,2023-12-31
15,108.91681745898723,24,One Year,2023-10-13
813,82.46395357502757,41,One Year,2023-12-17
181,84.36437430145573,60,Month-to-Month,2023-09-22
508,87.18641510266654,39,One Year,2023-09-06
338,77.63762804426278,39,Twoyears,2023-04-05
263,91.71322433118588,13,Oneyear,2023-12-17
78,74.01625621116149,2,Twoyears,2023-10-24
229,91.35580423490899,34,Month-to-Month,2023-11-03
745,86.99560662170298,60,Month-to-Month,2023-07-04
30,86.91327236050488,15,Oneyear,2023-08-17
374,103.03371259226617,58,Month to Month,2023-11-13
155,108.45114372391257,48,Oneyear,2023-09-19
817,87.79992611276302,59,Month-to-Month,2023-04-29
185,83.10073460299917,2,Month to Month,2023-08-22
448,94.71747173615051,52,Oneyear,2023-10-09
869,109.38595377373332,25,Oneyear,2023-07-21
447,102.22864756600293,5,Month to Month,2023-09-19
432,71.90006738878122,34,Month to Month,2023-02-22
767,93.99647618726051,52,Two Year,2023-11-13
169,119.54825318212716,39,Twoyears,2023-06-10
81,87.65637638404412,5,Month to Month,2023-09-01
798,92.03584006972639,43,One Year,2023-04-04
210,84.3703365709369,8,Month to Month,2023-02-09
259,94.88473447959136,49,Month-to-Month,2023-10-07
549,78.04606612845217,14,Month to Month,2023-04-02
286,82.35068199778803,29,Oneyear,2023-10-28
54,105.58681541993873,30,One Year,2023-02-07
469,76.91433968432017,37,Month to Month,
369,116.30718818204804,4,One Year,2023-08-31
724,85.3980204248977,35,Twoyears,2023-12-30
854,98.751254845932,7,Two Year,2023-05-16
100,86.09153387832541,26,One Year,2023-03-05
597,93.90153878874041,32,Oneyear,2023-12-09
725,115.19006640240013,43,Two Year,2023-12-29
776,73.4288640923562,33,Month to Month,2023-07-20
598,112.81713133537039,54,Twoyears,2023-11-03
575,97.87868433775441,24,Twoyears,2023-09-19
447,103.25356293436857,50,Twoyears,2023-06-24
192,72.79435333968325,54,One Year,2023-06-26
414,108.06995586592198,59,Two Year,2023-03-26
482,76.38892073552434,1,Month to Month,2023-06-09
93,118.24105898950305,29,Twoyears,2023-07-01
253,109.96436381233228,48,Twoyears,2023-02-05
650,94.64339894192076,45,Twoyears,2023-12-11
561,116.20834786150431,38,Twoyears,2023-04-09
633,78.45366410823607,38,Month to Month,2023-08-14
39,119.58319819391883,21,One Year,
546,105.84095225053731,23,Twoyears,2023-02-06
358,74.91889568096212,46,Twoyears,2023-09-30
778,96.82957520690843,5,One Year,2023-09-29
9,105.54381842311992,30,Two Year,2023-07-05
188,100.65111308391265,40,One Year,2023-02-18
608,91.197469947124,18,Month to Month,2023-04-04
645,82.40714279812774,6,Oneyear,2023-11-03
675,81.91147466887958,5,Two Year,2023-08-14
139,116.34751857311252,42,Oneyear,2023-01-05
298,81.73703753415028,18,Twoyears,2023-12-19
80,118.12025170266134,59,Oneyear,2023-06-23
603,80.51129423212699,13,Month to Month,2023-07-02
256,89.2141889361481,55,Oneyear,2023-03-14
660,70.61617132083461,20,Month-to-Month,2023-05-25
179,115.1571969698422,38,Two Year,
257,75.2175837666007,21,Month to Month,2023-06-01
218,87.86646297110354,4,One Year,2023-02-25
267,112.12591071626315,13,Month to Month,2023-07-02
317,109.59489693739759,18,One Year,2023-05-02
591,112.07505100356295,13,Month to Month,2023-09-01
679,115.70537953874765,13,Month-to-Month,
616,115.55353943248497,39,Two Year,2023-07-23
816,108.52495822269546,37,Twoyears,2023-03-20
850,99.121183221506,35,Twoyears,2023-01-16
284,98.07746333190558,38,Oneyear,2023-05-06
345,70.64597673166465,40,Month to Month,2023-03-28
727,106.12851340298481,27,Two Year,2023-10-05
75,81.33383576196677,58,Two Year,
737,111.4348709446698,26,Two Year,2023-12-17
336,97.69020425796107,12,Two Year,2023-02-12
804,119.36239399493911,2,Two Year,2023-03-20
855,80.51367420521763,43,Oneyear,2023-10-04
582,106.17326806134344,58,Twoyears,
363,97.37668842546604,60,Oneyear,2023-09-21
190,116.59034222966935,20,Month to Month,2023-11-01
472,83.29968541059557,35,Twoyears,2023-08-16
106,72.97187987902267,55,Twoyears,2023-05-05
70,97.19328166513547,10,One Year,2023-04-16
522,96.08065105204457,8,Month to Month,2023-08-18
214,85.585360999698,40,Two Year,2023-05-14
517,119.3268898841854,46,One Year,2023-03-22
28,73.48557120770627,36,Twoyears,2023-12-26
315,98.47600489750255,31,Month to Month,2023-04-19
753,83.01084559353716,15,One Year,2023-06-24
507,70.09560058284784,42,Twoyears,2023-06-13
236,119.39245687424855,18,Oneyear,2023-05-05
92,94.08064183545173,54,Two Year,2023-12-14
830,112.85952467480905,15,One Year,
857,112.00336198255675,19,Month-to-Month,
363,110.61391833320846,24,Two Year,2023-01-23
38,92.95086263740637,35,Oneyear,
731,114.79631589275112,2,Oneyear,
664,88.36361145257553,13,Month to Month,2023-11-27
704,90.41934591338517,45,Twoyears,2023-03-03
633,82.78525979253837,57,Month-to-Month,2023-07-31
491,92.40425379512905,9,One Year,2023-09-09
683,119.3250101405705,57,Month to Month,2023-04-06
110,98.6620331126797,35,Oneyear,2023-07-28
144,111.55488747597826,2,One Year,2023-02-26
578,83.16714587726227,46,Oneyear,2023-08-22
834,117.79603459297616,16,Oneyear,2023-12-24
197,70.65866093585979,46,Month-to-Month,2023-11-22
46,116.51226094574957,36,Two Year,2023-03-06
149,114.90019451527753,2,One Year,2023-10-20
572,73.36781082201125,16,Month-to-Month,2023-11-20
138,100.24233636548328,8,Twoyears,2023-11-27
490,109.26220262328096,58,Oneyear,2023-01-17
402,90.19039404715866,1,Oneyear,2023-05-15
602,74.59286570010266,18,Month-to-Month,2023-11-04
724,111.46999637625157,54,Twoyears,2023-05-10
681,93.32491587713466,41,One Year,2023-02-06
625,83.16250507084513,26,Oneyear,2023-09-07
341,73.54277202145778,44,Twoyears,2023-02-26
578,102.00859223101435,5,One Year,2023-12-23
302,72.11509305362863,21,Month-to-Month,2023-01-10
118,109.5546932092015,35,Oneyear,2023-03-22
737,108.53760021556809,40,Month to Month,2023-03-31
151,86.14713504677485,28,Month to Month,
167,93.61436709374297,54,Oneyear,
607,103.46098029076737,26,Two Year,2023-04-30
772,117.95619280319599,32,Oneyear,2023-04-12
425,96.00755124984795,60,Oneyear,2023-01-27
771,119.83398695768882,48,Oneyear,2023-09-18
437,86.25528944108845,50,Month-to-Month,2023-03-02
632,96.32459733068802,44,Oneyear,2023-05-16
74,75.78077790083523,44,Oneyear,
362,97.8219787036186,21,Month-to-Month,2023-04-07
96,96.81566547807172,4,Oneyear,2023-05-29
292,112.440695722902,59,Month to Month,2023-08-15
177,119.82757921260699,42,Month to Month,2023-10-04
27,119.30890562101234,41,Twoyears,2023-11-03
821,81.81505978425645,36,Oneyear,2023-12-01
305,86.92227768312262,24,Month-to-Month,2023-08-16
723,83.73285001639758,33,Oneyear,2023-11-11
870,79.98397756686873,5,Oneyear,2023-09-06
769,77.50680066082083,57,Twoyears,2023-09-15
830,95.58720062839322,3,One Year,
205,113.62493911984515,11,Twoyears,2023-11-10
867,99.49337841303979,45,Two Year,2023-08-08
578,113.63318251434323,32,Month-to-Month,2023-08-24
662,117.97473139584952,22,Two Year,2023-01-20
679,89.15707104775507,11,One Year,
220,111.78339033585614,58,Two Year,
300,72.61676094698721,38,Oneyear,2023-12-11
258,94.05365763441083,59,Month to Month,2023-05-18
715,88.41482603669357,22,Month-to-Month,2023-07-08
240,80.24259430821164,4,Month-to-Month,2023-04-15
827,91.9196404821671,39,Oneyear,
229,92.1851267706172,3,Twoyears,
474,110.42697964633912,54,Two Year,2023-04-08
156,113.44593058353558,10,Month-to-Month,2023-09-27
218,102.84752121615108,37,Twoyears,2023-06-02
465,101.66940787232802,19,One Year,2023-08-06
195,75.50911919063684,18,One Year,2023-01-21
270,98.76309060503351,28,Two Year,2023-09-29
528,83.72223840329798,31,One Year,2023-07-21
753,84.73813640547075,17,Month to Month,2023-06-09
764,74.73873261320458,24,Oneyear,2023-03-05
563,101.79340764435398,1,Month-to-Month,2023-03-25
356,99.1904204758734,5,Twoyears,2023-03-14
540,81.01362835824304,32,Oneyear,2023-03-01
476,83.15184617769842,53,Two Year,2023-12-20
565,108.65005930307281,17,Oneyear,2023-05-27
308,109.64666818154441,57,Month-to-Month,2023-02-16
628,94.65423240269068,21,Twoyears,2023-08-11
409,77.45013478128823,41,Month-to-Month,2023-06-07
441,72.77961905408723,43,Two Year,2023-02-16
521,83.57344315492212,22,Month-to-Month,2023-10-16
523,106.55928914469548,39,One Year,2023-07-29
485,100.0408316169392,39,Twoyears,2023-01-21
619,105.90533843777084,34,Twoyears,2023-12-17
813,93.58739903991349,14,Oneyear,2023-11-15
853,107.73529410135473,16,Month to Month,2023-08-19
258,94.04028971343169,5,Month to Month,2023-10-25
694,74.20073763412884,18,Month to Month,2023-04-15
170,73.99291476966322,4,Two Year,2023-05-06
461,111.57513596213482,44,Month to Month,
837,101.48121671029213,51,Twoyears,2023-10-26
651,83.95635295552054,28,Twoyears,2023-03-09
797,107.85877190209234,45,Oneyear,2023-01-26
111,76.7867653791634,27,Month-to-Month,2023-06-10
604,102.2621729604529,6,One Year,2023-04-18
220,119.4742974880584,11,Month to Month,2023-10-16
5,77.50097731746985,47,Month to Month,2023-11-01
532,77.09724376261276,21,Month to Month,2023-03-25
613,93.39172055876769,17,One Year,2023-02-10
295,102.13307042001885,31,Oneyear,2023-07-19
458,71.32731681499715,34,Month to Month,2023-02-05
669,94.9835455980742,13,Month-to-Month,2023-12-17
895,74.15851758776438,23,Two Year,
513,82.06618884014054,57,One Year,
212,105.61988098955683,1,Oneyear,2023-08-22
119,106.94324737883801,4,Twoyears,2023-08-30
385,106.48662252849456,30,Month-to-Month,2023-12-05
260,73.25731670243863,31,One Year,2023-01-20
399,109.33815543701878,47,Twoyears,2023-12-09
175,91.61035024385846,16,One Year,2023-06-01
414,93.76547900255726,43,Two Year,
134,90.98452364527482,3,Two Year,2023-06-20
102,112.85111875046071,12,Twoyears,2023-08-04
385,103.99851815396664,12,Twoyears,2023-12-22
455,95.00129208452259,11,Oneyear,2023-11-25
62,111.71435109631062,16,Month to Month,2023-08-20
566,110.26817482014363,29,Twoyears,2023-01-16
817,70.25220819197982,53,Two Year,2023-10-10
7,93.94399823125471,21,Oneyear,2023-10-28
868,72.11230547939067,45,One Year,2023-06-14
515,85.35932408086911,44,Month to Month,2023-09-26
332,110.19186717312556,42,Month-to-Month,2023-06-28
379,117.20261760539651,58,One Year,2023-09-15
445,82.10333303422617,43,Oneyear,2023-03-17
335,71.07125744174304,50,Month-to-Month,2023-04-15
468,90.11681718871074,5,One Year,2023-12-19
661,86.75594193399192,52,Two Year,2023-03-28
288,103.84830913644205,13,Oneyear,2023-11-11
12,94.75288362242013,17,Month-to-Month,2023-01-14
104,89.94236317357691,12,Twoyears,2023-12-25
623,81.47777988534165,17,Two Year,2023-10-13
263,111.4240199291848,1,Twoyears,2023-09-04
435,82.41946434031149,8,Twoyears,
173,72.73674895217692,16,Month-to-Month,2023-08-29
607,98.23052542320055,15,Month to Month,2023-12-20
321,85.86743731049157,19,Month to Month,2023-01-09
715,105.62175687199057,25,Oneyear,2023-01-24
45,74.04358342129177,31,Month-to-Month,2023-04-22
546,118.31537822126151,42,Month to Month,2023-10-24
211,79.3429007801708,2,One Year,2023-08-05
737,87.85284486532447,57,One Year,2023-08-16
417,94.04774800258863,59,Month to Month,2023-02-01
264,114.50587544122203,25,Twoyears,2023-10-04
301,106.12704433328861,31,Twoyears,2023-06-19
456,77.24142323471652,4,Month to Month,2023-08-19
226,91.9306812473406,4,Oneyear,2023-03-11
104,97.14559324962411,52,Twoyears,2023-04-21
221,105.10628621400167,12,Oneyear,2023-03-30
334,98.590716579867,17,One Year,2023-01-02
418,92.86674433393385,21,Two Year,
301,108.27738248139849,29,Month-to-Month,2023-02-25
635,88.9028814238327,22,Two Year,2023-06-07
485,119.35863539707182,36,Oneyear,2023-09-28
457,117.38912541104311,40,Twoyears,2023-10-01
436,105.36902022991401,16,Two Year,2023-02-01
394,114.13059621008934,15,Oneyear,2023-09-27
734,89.65877580351828,30,Two Year,2023-07-09
43,99.0735110598989,46,One Year,2023-07-29
210,83.63275820154631,51,Oneyear,2023-11-04
849,114.28196516907838,11,One Year,2023-01-22
11,93.55125190974854,57,Two Year,2023-01-14
216,96.80718059398349,13,Month to Month,2023-07-25
164,113.22837323034679,23,Month to Month,2023-02-03
225,109.86392539596667,40,Month-to-Month,2023-12-08
737,86.08715991759357,55,Month to Month,2023-02-25
246,74.37138017789918,41,Month-to-Month,2023-08-28
658,78.10466010065306,34,Two Year,2023-03-04
703,86.95479266198282,20,Month-to-Month,
773,85.26454149157819,2,Month-to-Month,2023-03-21
799,71.9155274628965,8,Month-to-Month,2023-02-09
16,91.60325699524314,18,One Year,2023-10-21
194,75.29251684349893,56,Month-to-Month,
9,81.04448597378493,54,Twoyears,2023-10-06
514,109.37415887109415,7,Oneyear,2023-09-13
293,94.74397735861922,43,Two Year,2023-04-20
84,88.64765279133823,31,One Year,2023-02-17
209,79.27176671319339,22,Oneyear,2023-08-20
58,113.31400532037182,28,Two Year,2023-03-23
851,115.1844891179943,25,One Year,2023-06-23
512,95.93390085974313,52,Two Year,2023-04-23
618,116.06373586245189,1,Month to Month,2023-10-05
648,93.23944812641354,32,Two Year,
820,75.36212368002595,25,Month to Month,2023-11-06
331,70.8519788026486,48,Month to Month,2023-02-09
461,76.41889030667498,16,Twoyears,2023-01-30
589,101.13281665099029,29,Two Year,2023-09-12
325,86.0452598485129,42,Month to Month,2023-08-28
210,102.41545016349366,24,Twoyears,2023-07-02
744,95.39880616220685,17,One Year,2023-07-03
125,86.65062873855031,42,Month to Month,2023-02-11
692,80.93398997491799,6,Month-to-Month,2023-05-07
462,74.05218719047258,14,One Year,2023-03-23
290,109.11955306899335,26,Twoyears,2023-08-21
214,110.95020905827286,60,One Year,2023-11-05
432,97.07254065880056,28,One Year,2023-07-11
97,77.85473364073945,47,Month-to-Month,2023-01-01
249,83.17645230531278,36,Month-to-Month,2023-12-28
503,117.75726217457995,31,Month-to-Month,2023-07-26
733,81.29703968962743,27,Month-to-Month,2023-07-16
525,72.84024002539374,2,Twoyears,2023-10-10
505,97.50247359562547,19,Month-to-Month,2023-01-17
818,83.09569787762862,28,Twoyears,2023-11-15
91,117.87174514027292,45,Twoyears,
705,98.73839472110268,44,Oneyear,2023-06-18
711,118.29073673521505,57,Oneyear,
772,109.27883148894807,21,Month-to-Month,2023-07-05
576,106.15424028081131,55,Twoyears,2023-05-02
842,111.51822916933654,45,One Year,2023-08-12
744,100.24427670392754,15,Month to Month,2023-05-07
739,70.55606465938317,34,Month to Month,2023-06-15
167,89.62323914564101,40,Oneyear,2023-05-02
251,80.95090438941638,3,Month-to-Month,2023-11-18
447,91.71563366976028,1,Two Year,2023-08-08
186,93.52747620829771,24,Month to Month,2023-10-06
249,76.39155334243074,43,Twoyears,2023-05-28
784,71.17157744445146,27,Twoyears,2023-10-19
340,76.91001466740049,9,Month to Month,2023-09-04
446,112.87135659915974,24,One Year,
138,107.79270974261297,17,Month to Month,2023-07-07
109,109.94464524289667,28,Oneyear,2023-01-11
830,83.81533096670259,39,Month-to-Month,2023-10-11
417,81.80495950044659,55,Month-to-Month,2023-02-14
426,71.86862046786563,4,Twoyears,2023-05-04
44,93.61342305716848,29,Month to Month,
342,89.12044292433892,45,Two Year,2023-09-04
849,111.79430501575362,28,Oneyear,
201,104.0933779263218,56,Twoyears,2023-12-03
378,77.21429674280408,37,Month to Month,2023-06-08
104,119.35775702136343,29,Oneyear,2023-09-24
458,108.53203665008778,44,Two Year,2023-10-19
415,106.01187578418433,52,Twoyears,2023-03-19
632,80.83077913035703,29,Oneyear,2023-10-18
402,115.2578300308116,5,Twoyears,
390,93.69603887438828,11,Oneyear,2023-05-31
362,84.88279764332431,2,Oneyear,2023-10-12
434,102.74167940525341,4,Twoyears,2023-05-31
383,80.5875980493203,10,Month-to-Month,2023-05-04
28,115.37828153690575,56,Two Year,2023-08-16
107,112.7171825533484,39,Twoyears,2023-09-29
792,93.24556847145784,44,Month-to-Month,2023-12-25
540,79.53287108163249,8,One Year,2023-12-06
186,94.82520617823306,55,Month to Month,2023-08-05
195,77.45691087787358,23,Twoyears,2023-05-27
146,83.49244423441883,27,Month-to-Month,2023-08-06
772,94.13661952954551,23,Twoyears,2023-04-06
872,71.05698705244029,48,Twoyears,2023-02-19
689,108.28613017734341,34,Twoyears,2023-02-12
128,79.84574385928322,35,Oneyear,2023-01-19
896,113.3305628642785,17,One Year,2023-04-23
106,71.11299137099306,47,Two Year,
416,96.60658453508904,50,Two Year,2023-08-01
352,108.83254774719722,10,Twoyears,2023-01-18
383,81.89742166563371,54,Month-to-Month,2023-05-14
723,105.37765301056649,2,Twoyears,2023-10-18
349,106.04339123267061,17,Oneyear,2023-01-14
481,101.8921832957073,31,Oneyear,2023-03-05
834,88.21263656985022,16,Twoyears,
314,109.25323990746116,24,Two Year,2023-06-12
523,101.42168588376855,57,Oneyear,2023-09-15
879,99.51941045712712,7,Month to Month,2023-01-06
360,110.95806345834316,19,Month-to-Month,2023-12-21
321,82.23190215472552,16,Month-to-Month,2023-05-01
384,81.62439767780364,33,Oneyear,2023-06-02
17,89.32234435744672,36,Two Year,2023-11-25
370,73.65665343342737,45,Twoyears,2023-06-27
848,86.86967346759317,10,Month to Month,
66,90.31360392669339,43,Month to Month,2023-03-04
886,94.75290914302596,51,Twoyears,
113,82.7006732050461,15,Month to Month,2023-09-15
644,115.34212238524199,43,One Year,2023-03-06
416,84.25391838883858,3,Oneyear,2023-12-23
71,112.57753887563979,2,Month to Month,2023-07-06
61,92.24762181220773,43,Oneyear,
444,105.90783479618652,42,Two Year,2023-08-15
314,75.54511939919502,35,Two Year,2023-07-18
483,97.23186101208047,27,Twoyears,2023-10-21
244,118.04129474714006,5,Two Year,2023-09-08
821,103.31256046823876,15,One Year,2023-11-14
517,111.01446302184887,36,Two Year,2023-07-12
370,83.05352310887613,49,Oneyear,2023-04-29
317,110.008446044424,33,Month-to-Month,2023-06-28
21,87.56266906014208,1,Month-to-Month,2023-02-21
698,94.2539050023157,12,Oneyear,2023-04-20
721,79.39788588532942,42,Month-to-Month,2023-08-12
231,94.28491940024352,41,Month to Month,2023-11-26
526,95.78509216528303,9,Month-to-Month,2023-04-08
864,101.11635891459215,57,One Year,2023-11-15
591,113.43168971385185,58,Two Year,
469,85.24255773661153,52,Month-to-Month,2023-02-17
694,119.20683878792437,20,Month-to-Month,2023-04-11
78,112.38449768777667,30,Twoyears,2023-08-28
809,90.1461309762488,14,One Year,2023-03-15
784,81.33318209661013,58,Twoyears,2023-02-07
563,73.57472887345105,23,One Year,2023-08-04
769,81.7182093967812,29,Month-to-Month,2023-05-16
808,114.22614608225211,51,Month to Month,2023-01-06
530,84.60157057111489,42,Month-to-Month,2023-09-04
290,76.89899081460388,35,Month to Month,2023-11-20
218,71.13372947131737,52,Twoyears,2023-07-16
100,84.88401718389125,27,Two Year,
149,80.80763550678012,54,Oneyear,2023-04-21
385,75.11011727726543,49,Two Year,2023-10-15
155,117.554290060759,27,Month-to-Month,2023-02-07
395,83.38109377283229,30,Month-to-Month,2023-04-25
376,70.3088414748816,3,Month to Month,2023-07-04
102,117.21377917686021,12,One Year,2023-07-31
627,98.92565931424556,47,Twoyears,2023-12-31
782,74.14064817975397,31,Twoyears,2023-09-12
92,71.57109886944727,37,Twoyears,2023-11-16
411,75.39245317919547,27,Month to Month,2023-11-06
406,99.57454266477245,47,One Year,2023-04-23
21,73.09358024522308,52,One Year,2023-09-27
632,98.40702984160207,24,One Year,2023-11-16
408,102.62705099323504,48,One Year,2023-06-24
19,77.37883907525034,41,Month-to-Month,2023-11-06
536,94.42163713748619,40,Oneyear,2023-01-19
538,118.19399648167315,11,Twoyears,2023-07-22
153,111.82442232501623,27,Oneyear,2023-05-06
301,106.16821737386927,9,Two Year,2023-09-11
876,95.88675622296688,16,Two Year,2023-11-12
413,89.71373779664954,14,Two Year,2023-09-12
202,92.57173680606115,47,Month to Month,2023-10-15
139,108.23050039262546,30,Two Year,2023-10-19
792,97.71489808792023,46,Twoyears,2023-06-01
24,108.23269926463146,24,Two Year,2023-07-18
12,118.49364852165013,42,Two Year,2023-07-18
135,102.02570753856554,13,Month-to-Month,2023-10-29
81,100.15517787051031,33,Two Year,2023-06-24
355,90.3080974254917,55,Oneyear,2023-09-27
70,79.83769765943691,9,Month-to-Month,2023-06-29
204,88.71003711235724,49,One Year,2023-08-06
591,96.00485952576824,26,Month to Month,2023-04-28
279,71.74278286609726,49,Month-to-Month,2023-11-02
711,93.79025124111462,42,Month-to-Month,2023-11-17
379,113.10746637074894,45,Oneyear,2023-11-29
294,118.83121812668122,50,Twoyears,2023-11-16
415,112.7774336155425,13,Twoyears,2023-01-23
797,78.59908730082688,21,Two Year,2023-05-05
428,77.75065958826518,29,One Year,2023-03-25
156,89.66561006197755,28,Oneyear,2023-07-18
588,81.27152352958254,24,Oneyear,2023-11-22
731,103.79972520603063,13,Month-to-Month,2023-07-06
836,74.22790522378199,56,One Year,2023-11-25
277,92.18596247683395,42,Oneyear,2023-04-02
265,84.01781231097048,20,Twoyears,2023-11-26
49,99.77014434999104,39,Month to Month,2023-07-01
610,109.8532509896983,7,Month to Month,2023-08-15
293,116.1781570840735,41,Oneyear,2023-07-18
21,118.19263671110429,48,Month-to-Month,2023-08-23
444,87.5597266986997,15,Month to Month,
535,112.79238909152349,25,Month-to-Month,2023-02-13
472,99.59815343561051,35,Two Year,2023-03-17
138,104.61277072720614,13,Two Year,2023-05-21
230,112.55652833301748,43,Month-to-Month,2023-07-01
838,76.50566049475411,8,Oneyear,2023-04-29
405,117.3703634016122,21,Two Year,2023-02-09
357,97.36985452091129,53,Twoyears,2023-09-17
541,86.80016587707989,56,Two Year,2023-09-01
827,86.9365630204745,6,Twoyears,2023-05-09
21,107.5500168339134,10,Month to Month,2023-01-06
854,103.93299315649915,58,Oneyear,2023-11-07
611,106.47400456342504,49,Month-to-Month,2023-03-07
575,82.64977522121177,52,Two Year,
814,78.509810807164,41,Oneyear,2023-08-07
645,106.0929826513105,21,Two Year,2023-05-26
527,84.92403645807468,14,Month to Month,2023-08-22
105,81.12180767933627,52,Oneyear,2023-01-29
623,80.73042517398915,59,One Year,2023-11-05
851,77.42004662804038,45,Month to Month,2023-06-10
336,91.3407827837589,58,Month-to-Month,2023-05-11
424,83.04742875124738,33,Oneyear,2023-05-28
623,114.69327376085418,25,Twoyears,
875,104.45698184255491,56,Two Year,2023-03-23
855,107.19310223590055,19,Twoyears,
4,90.18052460509175,9,Oneyear,2023-12-27
469,100.01047590653855,49,Month-to-Month,2023-12-08
664,95.03989203520237,47,Twoyears,2023-03-24
554,78.37257302612578,52,Twoyears,
887,72.39268475253922,37,Twoyears,2023-03-14
538,104.17592273704199,36,Oneyear,2023-12-21
874,76.05862296137968,36,Two Year,2023-08-02
194,72.86745766036174,57,Twoyears,2023-01-26
360,92.09336663358059,15,Month to Month,2023-10-17
520,106.90131850042842,5,Month to Month,2023-03-12
73,108.44342196161867,17,Two Year,2023-12-16
78,113.67348033580267,30,One Year,2023-06-26
660,79.96070112493821,7,One Year,2023-03-30
834,119.28121969073263,6,Month to Month,2023-06-26
68,108.1604535982047,15,Twoyears,2023-01-27
867,77.86066729750864,57,Month-to-Month,2023-10-16
695,112.03606429977054,52,Oneyear,2023-11-24
334,94.94796362424279,46,Two Year,2023-11-01
85,73.32731840199114,10,Month-to-Month,2023-03-04
496,76.60208859146304,6,Twoyears,2023-01-19
79,91.69466409546402,42,Oneyear,2023-10-05
551,96.52534058020404,55,Month to Month,2023-12-12
306,117.37462085066309,52,Two Year,2023-03-08
20,80.78562362490811,60,Month-to-Month,2023-08-26
582,93.70522551214044,41,Oneyear,2023-05-17
156,81.29447346386937,13,Month to Month,2023-06-12
117,97.92003444632337,14,Month to Month,2023-11-23
880,115.46590364858908,1,Oneyear,2023-12-01
450,98.3875285581437,33,One Year,
28,95.50352694824764,19,One Year,2023-10-20
887,107.50647034590921,9,Oneyear,2023-01-28
610,77.38067725154949,37,Oneyear,2023-09-13
329,115.2807495217491,49,Oneyear,
663,98.88169864829172,48,Month to Month,2023-10-18
364,104.31547075739559,12,Twoyears,2023-04-22
419,110.94803803421996,5,Twoyears,2023-08-28
22,101.75189249465761,6,Two Year,2023-08-31
261,102.06025926302905,52,Month to Month,2023-06-02
60,106.48107204829515,55,Month to Month,2023-09-22
413,72.61182782220553,11,One Year,2023-02-21
163,89.11052540866244,51,Oneyear,
114,118.14683724398436,53,Month to Month,2023-09-22
354,82.89679275650712,38,Month to Month,2023-02-23
196,97.11277241368825,55,Oneyear,2023-05-13
45,78.77137311020824,10,Twoyears,2023-07-10
625,86.16371576392925,15,Two Year,2023-05-04
179,105.85400213707496,50,One Year,2023-08-06
782,102.15470120335291,53,Month-to-Month,2023-12-31
493,90.71581809189496,39,Twoyears,
325,116.90380957136037,55,Month to Month,2023-11-18
370,108.75234077416003,28,Two Year,2023-10-28
568,83.39619145144198,3,Month-to-Month,2023-03-12
879,93.27231567850811,56,Twoyears,2023-08-02
347,113.90172529013788,16,Twoyears,2023-12-28
779,71.12320567294464,45,Oneyear,2023-02-02
115,99.07331424343555,17,Month-to-Month,
357,81.59802055781984,36,Oneyear,2023-12-02
167,73.19100589266155,19,Twoyears,2023-06-20
354,115.6430541011054,4,Twoyears,2023-12-10
115,110.8141511541865,59,Twoyears,2023-12-16
408,79.264677940232,25,Two Year,
592,111.84732448304604,27,Twoyears,2023-10-28
826,77.32137033040397,12,Month-to-Month,2023-10-18
798,93.80806799294194,56,One Year,2023-08-25
323,106.2886650239119,27,Two Year,2023-12-03
541,96.69027983199359,4,Month-to-Month,2023-04-12
42,112.53903575714638,24,Month to Month,2023-01-10
460,100.84389308764578,17,Month-to-Month,2023-02-10
119,91.59758235935985,60,Month-to-Month,
574,116.25810451145753,56,One Year,2023-05-06
667,71.81473284864498,26,Two Year,2023-09-30
797,94.4199429357856,18,Month to Month,
450,103.03907700956552,22,Twoyears,2023-11-23
441,111.80291952090174,6,Two Year,2023-01-11
189,97.05782624669126,19,Two Year,2023-11-15
285,114.27588599320113,37,Month to Month,2023-07-14
104,91.3138417848779,34,Month to Month,2023-01-20
569,85.85642925459325,11,One Year,
457,118.69060237272407,56,Oneyear,2023-09-30
311,103.3590479417121,24,One Year,2023-08-23
884,91.2889092505528,45,Twoyears,2023-08-15
684,113.9094868495632,37,Month to Month,2023-08-15
384,104.1540207023319,23,Month-to-Month,2023-12-20
668,101.89673528609613,40,Month-to-Month,2023-12-07
165,106.42689649097332,43,Two Year,2023-09-29
407,106.9146554813558,4,Two Year,2023-10-06
845,94.64916934195526,18,Oneyear,
581,90.96537806989238,30,Oneyear,2023-05-04
476,115.46413405818177,15,Oneyear,
58,94.86238697812011,37,Oneyear,2023-07-14
719,80.79108189497688,23,Month-to-Month,2023-03-12
416,96.08013929125292,12,Month to Month,2023-08-20
597,71.72110499568207,4,Twoyears,2023-06-22
837,106.1659175980386,4,Twoyears,2023-07-22
613,76.34920295294046,52,Oneyear,2023-02-02
804,75.58621326712857,41,One Year,2023-07-30
251,117.31780715893242,41,Twoyears,2023-10-28
220,108.62783407293645,14,Oneyear,2023-07-01
160,90.71143881706534,59,Month-to-Month,2023-08-29
187,81.97880712028058,58,Two Year,2023-02-20
896,112.17452402634761,56,One Year,
599,118.42919218053763,59,Oneyear,
464,95.41770523035424,8,Month-to-Month,2023-12-09
498,99.00380361233272,23,Two Year,
330,82.15267457461616,1,Oneyear,2023-01-29
349,99.46251320309483,56,Month-to-Month,2023-01-06
500,90.02988175182065,11,Month-to-Month,2023-05-13
667,112.27892497254334,27,Month to Month,2023-04-06
867,88.85565099117213,4,Month-to-Month,2023-12-12
490,102.43895742333828,29,Oneyear,2023-03-23
280,80.17330067198176,17,Month-to-Month,2023-10-04
855,74.53364179306517,49,One Year,2023-11-11
835,72.01776099628256,19,Month-to-Month,2023-08-05
164,90.78227186652869,45,Month-to-Month,
398,78.17643606957017,51,Twoyears,2023-10-07
68,119.67400951332466,58,One Year,2023-05-11
428,109.91916942131407,49,Oneyear,2023-03-27
432,104.66865758546044,24,Two Year,2023-11-24
874,110.16592336890699,52,Month to Month,
375,83.13736293025264,44,Twoyears,2023-11-09
800,113.96319914426203,52,Two Year,
724,119.78181975017378,46,Oneyear,2023-04-03
632,84.49272345357446,54,Oneyear,2023-03-12
697,119.23243436167769,41,Twoyears,2023-11-22
423,86.01982731704575,57,One Year,2023-11-22
728,70.58615588483462,44,Two Year,2023-11-28
642,88.36070288636546,56,Month-to-Month,2023-07-10
78,119.87575004584846,32,One Year,2023-08-02
488,101.75756273687345,31,One Year,2023-02-16
170,104.77362674580374,49,Month to Month,2023-08-06
38,81.9173576043525,16,One Year,2023-03-30
567,77.29600476480579,32,Two Year,2023-10-02
290,114.27552187882807,44,Oneyear,2023-08-15
558,90.66961023390661,42,Twoyears,
171,70.20537924580118,58,Month to Month,2023-08-05
642,84.71229770405071,34,Twoyears,2023-08-28
676,79.7866054157117,35,Twoyears,2023-10-28
582,100.18861287541418,59,Month-to-Month,
292,107.80615849736813,37,Two Year,2023-12-07
581,94.87492497418889,16,Month-to-Month,
422,79.29495131179293,21,One Year,2023-06-19
105,72.89822317914016,13,Two Year,2023-12-31
566,85.67670022889186,58,Twoyears,2023-08-20
406,110.29816832473915,56,Month to Month,2023-04-18
880,90.97567675679818,18,Twoyears,2023-11-24
459,82.61255512467801,2,Month to Month,2023-08-21
875,71.03623887214695,56,Month-to-Month,2023-06-19
248,94.803102612197,33,Oneyear,2023-05-15
309,104.24110540937579,41,Twoyears,2023-05-11
373,79.5164731687451,18,Month to Month,2023-02-06
106,96.85944197829933,28,Month-to-Month,2023-09-16
861,91.03693633431503,37,Oneyear,
315,105.19738383113815,35,Two Year,2023-05-04
609,113.03024513553771,37,Month to Month,
854,85.35244421784162,12,Month to Month,
539,115.23855386223967,40,Twoyears,2023-09-20
72,105.3475899136123,8,Twoyears,2023-12-19
378,71.85830564221426,54,Month-to-Month,2023-08-05
496,109.5621448778816,25,Month to Month,2023-06-19
185,94.7313531761916,7,Month-to-Month,2023-04-08
134,117.27304459060637,2,Month to Month,2023-12-24
174,86.18157486204481,33,Month-to-Month,2023-07-05
793,99.56068295681864,56,Month to Month,2023-08-01
610,117.8073091565546,33,Two Year,2023-12-24
393,83.55798665138008,40,Twoyears,2023-11-08
64,93.59767721998556,60,Two Year,2023-08-20
415,107.6247742265843,57,Month-to-Month,
403,104.5549342556792,49,Two Year,2023-06-16
113,111.93516332937583,23,Month-to-Month,2023-11-02
65,95.98983397142416,5,Twoyears,2023-06-10
728,85.94605959412382,14,Month-to-Month,2023-10-11
866,96.75423049399022,8,Twoyears,2023-07-03
401,87.49800158200337,20,One Year,2023-01-25
290,78.8215268469558,18,Two Year,2023-05-22
483,97.74848513121756,23,One Year,2023-07-02
420,72.41902768932981,29,Twoyears,2023-03-25
315,71.82876514968581,7,Twoyears,2023-08-19
89,73.22867697203142,24,One Year,
759,103.63055864219658,46,Twoyears,
844,90.34934252705715,25,Month to Month,2023-08-11
661,94.70575911768793,14,Month-to-Month,2023-06-07
357,87.16994313795811,38,Oneyear,2023-11-14
878,82.68181122755723,3,One Year,2023-07-04
752,87.91525812037928,53,Month to Month,2023-07-02
518,79.66890847683047,46,Two Year,2023-03-26
749,103.93789540794782,14,Oneyear,2023-03-06
365,75.0867747264731,3,Twoyears,2023-02-21
267,95.84503577052146,42,Month-to-Month,2023-01-03
848,93.84134970480282,9,Month to Month,2023-03-18
406,85.09618088725318,53,Oneyear,2023-05-15
750,75.11446947243795,7,Month-to-Month,2023-11-22
139,105.16788552364301,26,Month-to-Month,2023-03-11
165,98.4770180799936,7,Oneyear,2023-06-11
794,110.47381755953698,7,Month to Month,2023-04-06
697,81.77618528070853,44,Twoyears,2023-01-16
666,109.57820577629595,58,Oneyear,2023-08-18
106,84.59728620011502,36,One Year,
149,75.62953655143335,52,Month-to-Month,
185,76.74581443068165,13,Two Year,
410,81.05292401871395,3,Twoyears,2023-09-24
783,104.12144480570458,20,Oneyear,2023-11-02
871,82.19808675357764,9,Oneyear,2023-12-09
703,100.19354773108566,53,Month-to-Month,2023-01-06
675,82.82613898620924,22,Month-to-Month,2023-04-20
201,88.26117326621278,52,Oneyear,2023-05-23
618,114.48606297686752,45,Two Year,
727,95.01810196875267,33,Month-to-Month,2023-06-04
836,100.01259103307841,23,Month-to-Month,2023-07-26
220,79.46384147053008,23,One Year,2023-06-15
857,76.5753034907973,38,Month to Month,2023-09-17
470,90.6590129024024,52,One Year,2023-06-22
729,112.76927495664621,26,Two Year,
434,82.04618304737701,32,Month to Month,2023-05-01
29,101.08462275966123,56,Oneyear,
750,113.604810881314,28,Two Year,2023-05-20
64,116.7205211953204,30,Two Year,2023-06-17
96,119.6895133621844,40,One Year,2023-03-25
666,108.1478580006313,17,Month to Month,2023-07-13
540,73.75050588902188,57,Two Year,2023-10-03
510,113.57309966513967,56,Month to Month,2023-09-25
340,114.28184376017924,18,Twoyears,2023-02-07
688,97.86414196008629,25,Oneyear,
251,73.37158304428779,4,Month to Month,2023-10-30
706,93.83326556329143,26,One Year,2023-12-04
279,80.53500179390588,31,One Year,2023-08-30
39,92.10535337644498,12,Two Year,2023-11-26
69,106.20632388252758,54,Month to Month,2023-07-18
277,103.37753232785694,48,One Year,2023-10-25
120,108.99959198016816,18,Month-to-Month,2023-01-05
86,93.82613703172544,10,One Year,
177,95.53960416611153,36,Oneyear,
606,116.78446189551673,2,Month-to-Month,2023-12-21
92,101.5591841882422,60,Month to Month,2023-04-13
420,107.37703153155468,25,Twoyears,
81,103.22586182659347,47,Two Year,2023-05-18
341,102.02427067849042,9,Month-to-Month,2023-10-20
421,115.67710747174084,47,One Year,
228,87.82428971895956,32,Two Year,2023-03-07
895,91.38451658610543,5,Twoyears,2023-03-08
473,88.9875201543935,51,Twoyears,2023-09-27
88,108.25984528627434,3,Two Year,2023-02-16
350,113.4209807677241,17,Two Year,
640,87.8751200082229,13,Two Year,2023-12-31
810,77.1173534481162,56,Month to Month,
190,94.70533099796734,3,Month to Month,2023-06-29
867,119.21642733372082,28,Month to Month,2023-03-09
646,80.18408825086873,4,One Year,2023-04-25
136,92.60004690268828,18,Month to Month,2023-01-26
325,83.56934016472506,56,Two Year,2023-02-16
40,116.13394418175892,35,Month-to-Month,2023-07-26
650,97.54586537832672,14,Month-to-Month,2023-03-14
287,98.93722295331871,16,Twoyears,2023-09-16
256,70.41306233150502,12,Month-to-Month,
798,102.63898777260964,11,Month-to-Month,2023-01-30
597,85.31762107040247,2,Month-to-Month,2023-01-03
420,95.67081719095987,33,Twoyears,2023-01-09
829,96.55336914332989,13,Oneyear,2023-01-08
539,99.61122633856763,30,Month-to-Month,2023-01-09
742,111.17696952777212,26,Month-to-Month,
291,84.94673192896664,50,Month-to-Month,
316,82.80806921019047,18,Twoyears,2023-06-01
800,109.79044239213106,13,One Year,2023-05-22
858,105.93592853305475,4,Oneyear,2023-12-02
132,81.2807468921142,59,Month-to-Month,2023-10-01
603,70.04181781877826,33,Twoyears,
868,103.2968158878341,15,Twoyears,2023-01-27
741,77.85890134528685,17,Month to Month,2023-12-14
539,117.84981409046975,6,One Year,2023-03-12
303,100.22036416976978,5,Twoyears,2023-08-07
282,112.48259107619188,33,Twoyears,2023-10-17
492,110.28107591260456,54,Oneyear,2023-09-13
280,97.8898862338498,16,Month to Month,2023-04-13
500,91.91753568087898,46,Month to Month,2023-05-27
199,94.83992040479295,24,One Year,
375,110.14943702284393,5,Twoyears,2023-06-07
300,102.02253527725009,3,Month to Month,2023-12-14
666,80.28585905041274,35,Two Year,2023-05-20
299,100.46775598327942,27,One Year,2023-05-23
555,90.2333289468058,12,One Year,2023-04-19
322,73.0648753642123,50,Two Year,2023-12-25
110,89.06345968847884,41,One Year,2023-11-16
623,81.38007656143628,25,Month to Month,2023-03-05
471,111.9292266892084,55,Month to Month,2023-09-28
412,75.24997309613212,17,Month to Month,2023-07-05
513,88.03117246517128,49,Two Year,2023-12-22
480,104.77459906538726,20,Month to Month,2023-11-19
140,114.86959588701512,28,Two Year,2023-01-01
878,86.76583550291582,50,Two Year,2023-01-07
690,100.32192628996575,35,Two Year,
504,88.6824795034911,50,One Year,2023-01-01
60,80.14405676909455,15,Oneyear,2023-09-18
183,86.28589004906777,33,Twoyears,2023-02-16
419,101.79510816156532,3,Two Year,2023-12-22
794,105.81696693061417,7,Month to Month,2023-09-23
825,88.53028027343593,10,Two Year,2023-01-02
733,77.62660245924931,41,Twoyears,2023-01-23
227,76.97787561779361,26,Month-to-Month,2023-12-25
391,110.63070497816318,41,One Year,
144,102.66367604794607,40,Month to Month,2023-10-30
736,106.40154033152251,6,One Year,2023-03-25
564,94.41271088161096,33,One Year,2023-07-23
593,92.86598904767652,16,Month-to-Month,2023-08-15
661,80.55750656285805,24,Two Year,2023-09-09
27,78.4169851607847,56,Month to Month,2023-11-01
744,77.69566722770631,30,Oneyear,2023-05-31
623,119.58943237206657,60,One Year,2023-09-04
508,111.04458675206648,57,Twoyears,2023-11-02
884,101.30648035347411,10,Oneyear,2023-01-17
591,80.7201958315313,11,Oneyear,2023-10-31
791,86.8829403788408,44,Two Year,
127,87.53928581232952,22,Oneyear,2023-01-02
456,93.88367030072202,3,Month to Month,2023-07-16
281,91.09983971452505,38,Two Year,2023-12-07
395,116.70765920782912,40,Twoyears,2023-09-26
319,106.04048312871417,23,Oneyear,2023-03-02
441,74.07026219948833,45,Two Year,2023-09-24
341,87.99784000337225,56,Month to Month,2023-04-07
694,76.64813147476076,19,One Year,2023-10-10
119,83.9677277466987,40,Month-to-Month,2023-09-04
778,117.94465016770388,53,Two Year,2023-02-04
690,105.26317725874954,55,Twoyears,2023-10-01
713,70.39260980246912,13,Month-to-Month,2023-03-09
368,86.44306462212623,36,One Year,2023-07-08
385,91.93508685172083,3,Twoyears,2023-02-10
510,100.12507145163836,22,Month to Month,2023-04-06
582,94.98635089923252,25,Twoyears,2023-06-20
158,73.48863753014666,20,One Year,
823,95.77737343417408,28,Month-to-Month,2023-03-08
610,76.51296380265376,57,Month to Month,2023-11-04
717,95.95998843658202,3,Twoyears,2023-04-29
86,82.30343049860527,22,Oneyear,2023-12-07
361,77.209614953785,44,Oneyear,2023-06-20
792,84.39614695527474,37,Two Year,2023-07-05
85,74.98110392656642,57,Oneyear,2023-03-11
359,84.1991861659907,38,Twoyears,2023-09-02
727,113.34663522847612,18,Month-to-Month,
133,85.35853485817513,20,Oneyear,2023-06-08
387,93.51110170727443,46,Two Year,2023-10-11
247,95.99041791098041,5,Month to Month,2023-04-17
141,78.9145379667229,43,Oneyear,2023-02-05
447,92.08922294961513,59,Two Year,2023-12-14
76,112.6490560791308,9,Oneyear,
98,74.02635368860156,29,Oneyear,2023-07-14
303,116.14098108877903,17,Twoyears,2023-09-25
