CustomerID,MonthlyCharges,TenureMonths,ContractType,Churn,FavoriteColor,PetName,ZodiacSign,MonthlyFee
1,60.44160949040331,30,Two Year,Yes,Yellow,Max,Gemini,29.868429715983645
2,81.8741245381717,4,Month-to-Month,No,Green,Max,Taurus,55.00872817770407
3,28.287092370562334,23,Two Year,No,Yellow,Bella,Taurus,55.59378154790422
4,92.22388151465164,35,Two Year,Yes,Yellow,Bella,Aries,70.60287349234353
5,41.16139279734795,42,One Year,No,Red,Charlie,Gemini,46.752634303805436
6,33.64828861702614,22,Two Year,No,Red,Buddy,Cancer,53.485532447102415
7,67.14048583221397,31,Month-to-Month,No,Green,Bella,Aries,20.95929952226042
8,34.002491665442314,1,Two Year,No,Yellow,Max,Cancer,29.794072894660744
9,74.37612162969458,59,Month-to-Month,No,Blue,Max,Taurus,65.58896796440033
10,59.2081665598744,4,Month-to-Month,No,Blue,Bella,Cancer,37.27166402360225
11,28.796476940974394,19,One Year,Yes,Blue,Max,Taurus,31.566151183710005
12,92.99921076656385,30,Month-to-Month,No,Green,Buddy,Cancer,45.95302143713305
13,73.85643279708401,1,Month-to-Month,No,Red,Max,Cancer,33.08285559464988
14,63.679442122701445,48,One Year,No,Green,Max,Gemini,24.769794918248238
15,49.94724922801046,19,Month-to-Month,No,Red,Bella,Cancer,42.70865993153403
16,30.788792373637737,52,One Year,No,Blue,Buddy,Aries,33.14867530924409
17,76.60146968490577,21,Month-to-Month,No,Blue,Buddy,Gemini,83.9516593867869
18,85.09246560232475,22,Two Year,No,Red,Charlie,Aries,25.01255735445305
19,30.06550799506501,50,One Year,No,Blue,Buddy,Cancer,79.79545894133537
20,59.565409963051394,2,One Year,Yes,Green,Charlie,Cancer,50.62370779865614
21,58.78769495939917,6,Month-to-Month,No,Red,Bella,Gemini,74.02570474795161
22,47.99293665759741,21,One Year,No,Blue,Max,Taurus,24.215154906671135
23,83.1473516313444,33,Month-to-Month,No,Yellow,Buddy,Gemini,93.65631958316567
24,27.962382704547757,19,One Year,No,Blue,Charlie,Taurus,81.39005578012875
25,36.4015379897672,27,One Year,No,Yellow,Buddy,Taurus,31.211445749938093
26,20.12822151348054,37,Two Year,No,Blue,Bella,Cancer,37.50274968218883
27,49.83883104664119,29,Month-to-Month,No,Yellow,Charlie,Aries,71.51969861115887
28,43.29425343202976,60,Two Year,No,Blue,Charlie,Gemini,93.72500834354803
29,89.35951870065252,28,One Year,No,Yellow,Charlie,Gemini,55.66659128049868
30,79.66481952609239,34,Month-to-Month,No,Red,Bella,Cancer,58.85062360174445
31,26.75777572498175,1,Two Year,Yes,Red,Charlie,Cancer,39.02402091112237
32,79.27647320498963,48,One Year,Yes,Yellow,Max,Gemini,50.64087004969058
33,74.03201771356456,25,Two Year,Yes,Blue,Bella,Gemini,42.881416226424456
34,42.537941888026374,21,One Year,No,Green,Max,Aries,48.04569197102505
35,21.236861976368804,34,One Year,Yes,Green,Max,Cancer,21.647809980427777
36,29.212992111096998,26,Month-to-Month,No,Green,Bella,Aries,23.28485957377902
37,39.99528676948475,36,Month-to-Month,No,Green,Buddy,Cancer,74.45492271271223
38,85.32978929218442,35,Month-to-Month,No,Yellow,Max,Cancer,74.54361511381029
39,57.22502607262469,23,One Year,No,Red,Bella,Aries,46.4184480268668
40,93.47164211672401,17,Two Year,No,Red,Max,Taurus,90.83699174030696
41,83.131876755864,47,Month-to-Month,No,Green,Charlie,Taurus,41.288969295993866
42,42.968654387520544,42,Month-to-Month,No,Red,Max,Taurus,51.66278255791149
43,87.62897252644103,12,Month-to-Month,No,Yellow,Max,Cancer,78.51004994265249
44,29.337987232860563,44,Month-to-Month,No,Green,Max,Aries,79.48544942325601
45,22.889401636320244,20,One Year,No,Yellow,Charlie,Taurus,88.8932610164147
46,68.68304967306526,39,Two Year,Yes,Yellow,Max,Gemini,22.324723352476994
47,47.339442790371095,27,One Year,No,Blue,Bella,Taurus,34.70069449129268
48,46.354054933011774,42,One Year,No,Yellow,Max,Aries,71.24574165360487
49,74.976654890535,37,One Year,No,Blue,Bella,Cancer,47.0559815389123
50,88.0083062258323,20,Month-to-Month,No,Green,Max,Aries,23.484933674469453
51,45.774040427216114,52,Two Year,No,Yellow,Max,Cancer,66.91733391253507
52,46.00110576180007,11,One Year,No,Red,Max,Aries,51.445855877184925
53,62.708083143390965,28,One Year,Yes,Green,Buddy,Aries,49.12758868352136
54,72.25468816643519,2,One Year,No,Yellow,Buddy,Gemini,41.149142774866064
55,36.232463644414224,24,Month-to-Month,No,Yellow,Charlie,Taurus,20.47983144935701
56,93.01433223294981,16,Month-to-Month,Yes,Red,Bella,Taurus,34.58880135765015
57,72.35332190816096,12,One Year,Yes,Blue,Charlie,Aries,57.938823825488406
58,70.01294490944787,16,Month-to-Month,No,Yellow,Bella,Taurus,42.05891624702454
59,92.33565088542146,36,Two Year,No,Yellow,Charlie,Gemini,89.95109434107641
60,92.58120644755817,2,Month-to-Month,No,Red,Charlie,Aries,31.43997297250931
61,30.844009650119144,25,One Year,No,Green,Max,Taurus,90.02722296289612
62,31.60604031838938,29,Two Year,No,Yellow,Max,Taurus,52.386064679656585
63,80.95589591521181,28,Month-to-Month,Yes,Blue,Max,Cancer,42.06722504549713
64,96.55039564351765,10,One Year,Yes,Blue,Max,Taurus,44.343348681187166
65,73.32109428104863,45,Two Year,No,Red,Max,Taurus,46.405663426319364
66,52.90535988857361,23,Two Year,Yes,Blue,Charlie,Cancer,60.52511877459025
67,74.67785118189965,32,Two Year,No,Yellow,Bella,Aries,48.31058490110436
68,38.304926108523105,31,Month-to-Month,No,Blue,Buddy,Aries,71.77650776305501
69,99.8373039846227,19,Two Year,No,Yellow,Buddy,Gemini,54.01432056663449
70,54.48681742872145,15,Month-to-Month,No,Red,Bella,Cancer,73.73149677461655
71,94.53488020069564,55,One Year,No,Blue,Buddy,Aries,68.35411346812816
72,54.463844229101994,33,Month-to-Month,No,Yellow,Charlie,Taurus,39.55631779434091
73,94.25118248975389,60,Month-to-Month,No,Green,Bella,Taurus,85.02186302800706
74,46.85483531839325,17,One Year,No,Yellow,Bella,Taurus,83.91851742183388
75,80.84343877246454,52,Month-to-Month,No,Yellow,Buddy,Gemini,99.11843736131003
76,96.0801609927213,36,Month-to-Month,Yes,Red,Buddy,Aries,34.004010754676514
77,71.67845425566146,20,One Year,No,Yellow,Charlie,Cancer,87.82705754189483
78,74.20521806199008,9,Two Year,No,Red,Max,Aries,89.75847380340922
79,28.230899625764092,38,One Year,Yes,Yellow,Bella,Cancer,71.37313332818962
80,57.93759577311207,3,Two Year,No,Yellow,Max,Cancer,60.510782222615234
81,90.940432486943,54,Month-to-Month,Yes,Yellow,Buddy,Aries,96.58076449352266
82,39.272786898457454,2,One Year,No,Red,Bella,Taurus,97.81535423010635
83,83.06904107986504,18,Two Year,No,Yellow,Max,Taurus,71.33579650737609
84,74.05679086431529,23,Month-to-Month,Yes,Red,Charlie,Cancer,48.764788633932994
85,37.838877179243,19,Month-to-Month,Yes,Green,Charlie,Taurus,85.37321467727551
86,42.62329642143715,7,Month-to-Month,No,Red,Charlie,Gemini,27.140437377193834
87,54.20487200965577,35,Two Year,No,Green,Bella,Gemini,43.24765152238292
88,30.01033724165805,60,Two Year,No,Red,Bella,Cancer,98.84434358182801
89,93.06970377265655,60,Two Year,No,Red,Bella,Taurus,85.14667097655756
90,79.14860840576443,50,Month-to-Month,No,Yellow,Bella,Cancer,95.1665977255299
91,49.19712800028638,20,Two Year,Yes,Blue,Bella,Gemini,67.58356571086055
92,43.97323962439694,20,One Year,No,Blue,Max,Gemini,52.61379665184927
93,75.16630962499019,19,Two Year,No,Yellow,Max,Gemini,98.37520827128303
94,53.93767375621928,41,Two Year,No,Green,Charlie,Aries,44.75404686857238
95,38.34692575240582,16,Month-to-Month,Yes,Yellow,Max,Gemini,80.59314231271387
96,54.41206023790059,38,One Year,No,Blue,Max,Taurus,64.65655663201666
97,89.70375865780578,21,One Year,No,Red,Charlie,Aries,38.28057164115723
98,25.488530923197075,29,One Year,No,Yellow,Charlie,Gemini,21.398662992683413
99,49.46865978255296,44,Two Year,No,Green,Buddy,Taurus,50.70112724032668
100,96.98715384137323,60,Month-to-Month,No,Yellow,Charlie,Gemini,63.8148314301847
101,21.18654739636647,38,Two Year,Yes,Blue,Max,Taurus,34.65523207627733
102,91.2512254024975,45,Month-to-Month,No,Red,Bella,Taurus,53.16439086889814
103,49.986695886172754,59,One Year,No,Blue,Charlie,Gemini,69.21519445271679
104,35.16145636603657,24,Two Year,Yes,Blue,Buddy,Gemini,77.19385011368996
105,21.198379797736138,37,Month-to-Month,No,Blue,Max,Aries,24.21940239252299
106,25.641824111903688,29,Two Year,No,Blue,Buddy,Gemini,73.13446574418887
107,33.747469137935376,31,Month-to-Month,No,Red,Buddy,Taurus,24.53338471021759
108,22.032739070366254,45,One Year,Yes,Blue,Max,Cancer,22.254839628747504
109,46.86798944720037,52,Two Year,No,Green,Buddy,Aries,32.19296207284046
110,23.591449149953654,39,One Year,No,Green,Max,Taurus,72.29152457692523
111,75.3772849475582,12,Two Year,No,Blue,Buddy,Taurus,24.225715430756534
112,85.51256908299679,30,Two Year,Yes,Green,Bella,Cancer,21.67169697644593
113,90.99711388568733,53,Month-to-Month,No,Blue,Charlie,Gemini,29.436760907804313
114,63.93025447754682,4,Month-to-Month,No,Red,Bella,Taurus,95.97767925684568
115,95.72076329438923,30,Month-to-Month,No,Red,Bella,Cancer,92.58221999417732
116,20.451636044781345,5,One Year,No,Green,Buddy,Cancer,26.91727800797232
117,30.721465773129815,16,One Year,Yes,Green,Charlie,Gemini,44.321054681325045
118,43.453278458473214,27,Two Year,No,Blue,Charlie,Cancer,95.78339512378133
119,83.12195535633894,4,Month-to-Month,Yes,Yellow,Charlie,Cancer,27.815013876520098
120,90.83113121070856,8,One Year,Yes,Blue,Buddy,Cancer,27.56767855848274
121,69.45075610448623,48,Two Year,No,Blue,Bella,Cancer,26.880311818778317
122,50.65890755273109,8,One Year,No,Red,Max,Cancer,98.11809912789407
123,73.2676482868851,17,Two Year,No,Yellow,Max,Cancer,79.4486810625946
124,34.47194976194929,46,Month-to-Month,Yes,Yellow,Max,Taurus,37.15874938874387
125,56.629924173794564,44,Two Year,No,Blue,Charlie,Aries,23.675780903720238
126,60.6035278658632,3,Two Year,No,Red,Max,Gemini,97.21932071292267
127,28.389697680897168,27,Month-to-Month,No,Green,Bella,Aries,54.03912334077529
128,22.709812817728505,52,Month-to-Month,No,Red,Max,Gemini,67.87003106359796
129,80.00843978801169,34,Two Year,No,Green,Charlie,Aries,42.33569867985003
130,62.776508742376684,45,One Year,No,Red,Charlie,Gemini,80.66882578327461
131,46.57909615023484,21,Month-to-Month,No,Yellow,Max,Cancer,35.74418767152132
132,54.97829053289201,43,Two Year,No,Red,Charlie,Aries,82.95295467004115
133,96.6162730594637,24,Month-to-Month,No,Blue,Max,Aries,38.44824346680277
134,50.79310175311605,44,Month-to-Month,No,Green,Charlie,Gemini,27.832978054731477
135,28.278338132301847,50,One Year,Yes,Red,Buddy,Gemini,58.305804362464286
136,57.088174365067495,41,Month-to-Month,No,Red,Buddy,Taurus,85.05734455165206
137,71.8438698782455,29,Two Year,No,Green,Bella,Cancer,50.78917571697354
138,20.96904928799132,39,Two Year,No,Red,Buddy,Cancer,22.309892053542406
139,46.58724480121444,6,Month-to-Month,Yes,Green,Max,Taurus,64.2647769838611
140,51.48115361043598,56,Month-to-Month,No,Yellow,Charlie,Gemini,74.4377111138822
141,57.097187661115655,14,One Year,No,Green,Bella,Cancer,79.25559562688053
142,44.13473549395643,50,One Year,No,Green,Max,Gemini,52.15399634474272
143,73.35378067726987,14,One Year,Yes,Yellow,Max,Cancer,27.761570519392045
144,95.57673789806498,37,Two Year,No,Red,Bella,Aries,66.74611475707091
145,93.11985408317723,52,One Year,No,Red,Bella,Aries,46.36383081905454
146,73.15147318472134,24,Two Year,No,Yellow,Max,Cancer,95.75099858198824
147,60.550725291540004,13,One Year,No,Blue,Charlie,Cancer,60.21696864490622
148,86.06521011533275,1,Two Year,No,Green,Max,Cancer,57.781283743918294
149,86.87497502868509,12,Month-to-Month,No,Red,Charlie,Taurus,44.73676258546854
150,86.3658442255756,51,Two Year,No,Red,Bella,Cancer,47.10292043068384
151,32.62767502955198,42,Month-to-Month,No,Green,Max,Taurus,61.02038272639297
152,22.034587308955214,24,Two Year,No,Green,Buddy,Taurus,44.533183625199584
153,98.65547277984881,37,Two Year,No,Green,Max,Aries,91.38439074947297
154,96.77233565767793,20,Month-to-Month,Yes,Blue,Charlie,Cancer,55.1214345943287
155,65.15027687110106,6,Two Year,No,Yellow,Max,Aries,43.361766721041946
156,99.44509733738886,12,Two Year,Yes,Blue,Charlie,Aries,32.43158668329195
157,81.64376358142886,21,One Year,No,Blue,Buddy,Taurus,73.78805810402865
158,61.39041467627604,3,Month-to-Month,No,Green,Bella,Gemini,22.062955462846723
159,51.14648537145779,27,Month-to-Month,Yes,Yellow,Buddy,Taurus,55.99966297359523
160,67.42905675948145,46,One Year,No,Red,Charlie,Aries,64.0097456293779
161,61.26416813323834,53,One Year,No,Green,Bella,Taurus,47.18276887042653
162,99.50420213609569,36,Month-to-Month,No,Yellow,Bella,Taurus,79.98541978200046
163,59.23682528073896,17,Month-to-Month,Yes,Red,Max,Taurus,74.05283974703511
164,86.87368689497258,49,Month-to-Month,No,Blue,Buddy,Cancer,97.71191900559694
165,85.08990585105931,46,One Year,No,Yellow,Charlie,Taurus,60.70134394317456
166,25.712501880463208,15,One Year,No,Blue,Charlie,Aries,63.024989170350636
167,26.960541384850494,39,Two Year,No,Blue,Bella,Taurus,39.667145535505774
168,72.7848091841117,4,One Year,No,Yellow,Max,Cancer,50.83871125845764
169,40.72864053882411,17,Two Year,Yes,Red,Charlie,Aries,22.148847292664318
170,72.60216277576852,38,Two Year,No,Yellow,Max,Taurus,75.14198308781516
171,31.5700715450824,11,One Year,No,Red,Bella,Aries,44.9298239746832
172,51.765458176464314,12,One Year,No,Green,Bella,Cancer,63.229360773335834
173,28.19762130604672,47,One Year,No,Green,Bella,Gemini,40.399391712875925
174,42.56744614525115,32,One Year,No,Green,Max,Cancer,69.68289602717269
175,27.0638872086137,27,Month-to-Month,Yes,Blue,Charlie,Cancer,55.80659943632355
176,97.64629241581432,44,One Year,No,Green,Buddy,Aries,58.54885219090353
177,51.60467476098201,43,Two Year,No,Blue,Max,Aries,95.4085711852261
178,92.09510143185489,27,Two Year,No,Red,Bella,Gemini,76.49282584990881
179,97.69374152230786,49,Month-to-Month,Yes,Yellow,Buddy,Gemini,40.951978848005915
180,92.76501281020575,40,Month-to-Month,No,Yellow,Buddy,Gemini,60.31374541931403
181,56.396773149296706,44,One Year,No,Blue,Buddy,Cancer,57.333825524158264
182,82.31178380656459,29,Month-to-Month,Yes,Blue,Buddy,Cancer,83.6042085502691
183,32.295958700402075,9,One Year,Yes,Blue,Buddy,Gemini,86.66840912769621
184,27.586609105536706,43,One Year,No,Red,Bella,Gemini,42.67542581933803
185,90.15211742645823,3,Month-to-Month,No,Red,Charlie,Gemini,85.69211631249891
186,22.48961165625987,39,Month-to-Month,No,Green,Buddy,Taurus,34.360112423280114
187,97.7861880717736,29,Two Year,No,Green,Charlie,Taurus,81.02164436301564
188,73.77071040512902,21,Month-to-Month,No,Yellow,Charlie,Gemini,39.90276350410886
189,53.56904171204871,35,Month-to-Month,No,Green,Max,Cancer,43.83449259306367
190,31.310026110484415,53,Month-to-Month,No,Red,Bella,Aries,88.19742721511952
191,77.85849207637698,48,Two Year,No,Red,Buddy,Cancer,53.60598920450376
192,65.04894035226823,10,One Year,No,Red,Charlie,Aries,99.24526598850369
193,76.89016059572555,23,Two Year,No,Red,Max,Gemini,32.15544239259529
194,53.43377645031368,39,Month-to-Month,No,Yellow,Charlie,Taurus,57.06792304317467
195,25.300806644872935,25,Month-to-Month,No,Yellow,Buddy,Taurus,78.5960264727149
196,45.19777604405816,24,Month-to-Month,No,Red,Bella,Aries,20.429364638280596
197,45.20166025717526,20,One Year,No,Blue,Bella,Gemini,32.14842225544139
198,20.69433266701287,15,Two Year,No,Green,Buddy,Taurus,21.628539952878427
199,20.76648120791388,21,Two Year,No,Yellow,Charlie,Gemini,99.4302292306203
200,46.460662976035465,53,One Year,No,Blue,Max,Gemini,80.84997299371764
201,78.20987078393699,42,Two Year,No,Green,Bella,Aries,49.88472781972802
202,69.92349843334999,12,One Year,No,Blue,Bella,Gemini,32.50279477574206
203,39.12141173652073,18,One Year,Yes,Red,Charlie,Gemini,27.230659424276055
204,68.22101217377369,60,Two Year,No,Green,Charlie,Aries,62.55257604407295
205,71.79020764475933,23,Two Year,No,Blue,Charlie,Taurus,98.07130545593591
206,61.80559382599992,55,One Year,No,Yellow,Max,Cancer,73.96887557262112
207,61.708318014945796,41,Two Year,No,Yellow,Charlie,Gemini,49.211069460698354
208,49.57982984501114,29,One Year,No,Yellow,Max,Aries,60.06807785899906
209,29.87154910025894,41,Two Year,No,Green,Buddy,Taurus,99.91226943515615
210,50.83870400403397,36,Two Year,No,Red,Max,Gemini,61.501298310756034
211,47.626745291746204,5,Two Year,Yes,Red,Charlie,Cancer,97.13611886210846
212,67.35780743008466,39,Two Year,Yes,Green,Max,Taurus,21.30893750542608
213,88.50081350132866,26,Two Year,No,Green,Max,Aries,77.6770502587338
214,50.0300131872308,39,Month-to-Month,Yes,Red,Max,Gemini,70.17291593704932
215,76.77882223197481,11,Month-to-Month,Yes,Yellow,Bella,Aries,74.82638867658574
216,84.94643019971748,42,Two Year,Yes,Red,Charlie,Cancer,65.64536714059622
217,36.94012109846369,11,Two Year,Yes,Red,Max,Cancer,23.534142099332467
218,92.13201415037749,56,Two Year,Yes,Blue,Charlie,Aries,31.96511483934607
219,25.635595054348848,56,One Year,No,Yellow,Buddy,Gemini,93.78010162681717
220,92.13754710381527,18,Month-to-Month,No,Green,Max,Aries,38.63400066936933
221,33.090631410335206,12,One Year,Yes,Red,Max,Taurus,99.43498154615534
222,46.97356822674525,57,Month-to-Month,Yes,Yellow,Buddy,Aries,74.36707875156935
223,68.41881761345306,16,Month-to-Month,No,Green,Charlie,Cancer,55.548359210094766
224,92.45466926166601,27,Two Year,Yes,Blue,Buddy,Gemini,93.6039085148832
225,40.45611524521882,36,Two Year,No,Blue,Buddy,Gemini,83.59889516939644
226,81.08591307732604,17,One Year,Yes,Yellow,Buddy,Cancer,54.31720636679216
227,76.83486465926954,49,One Year,No,Red,Buddy,Cancer,25.487437781388486
228,32.77670097137337,21,Two Year,Yes,Green,Charlie,Taurus,89.46436596276007
229,58.35711556674624,55,Two Year,No,Yellow,Max,Cancer,81.2031945086673
230,58.52040745421057,37,Month-to-Month,No,Blue,Buddy,Cancer,83.25878698325718
231,44.36894517253201,31,Month-to-Month,Yes,Green,Buddy,Cancer,79.58869861804445
232,82.39370532286362,45,Two Year,No,Green,Bella,Gemini,42.06035915024663
233,94.07470818984788,35,Month-to-Month,No,Red,Charlie,Cancer,88.70765757354701
234,77.32579668822535,27,One Year,No,Blue,Buddy,Aries,20.1786042515287
235,97.83637864182518,23,Month-to-Month,Yes,Blue,Bella,Aries,38.98210227070021
236,24.037477686528987,32,Two Year,Yes,Blue,Buddy,Gemini,23.724767905935657
237,22.977814807151617,17,Month-to-Month,No,Green,Charlie,Taurus,28.847716533516802
238,91.50869419945974,11,Two Year,Yes,Blue,Bella,Taurus,62.590331001400436
239,91.82402957572819,1,Month-to-Month,No,Yellow,Bella,Gemini,22.980495195282753
240,28.56966280703059,28,One Year,No,Blue,Charlie,Aries,34.510483816030366
241,48.59568392551397,18,One Year,No,Green,Bella,Gemini,38.61921179126622
242,86.83156624902826,49,Two Year,Yes,Blue,Bella,Cancer,72.42710441097773
243,30.283254200131672,41,Two Year,No,Blue,Buddy,Gemini,57.50564195585855
244,41.39424580873657,20,Two Year,No,Green,Bella,Taurus,56.67300184443667
245,74.47968294863625,7,Month-to-Month,No,Blue,Max,Aries,81.47460434060996
246,98.55192435823983,37,Month-to-Month,No,Red,Charlie,Taurus,56.53771296594681
247,83.77110720563138,16,Month-to-Month,No,Green,Buddy,Taurus,47.879099433443706
248,82.18540982515098,39,One Year,No,Blue,Bella,Aries,96.99608364834663
249,47.41301309529095,45,Two Year,No,Red,Max,Cancer,20.66346475502856
250,72.90744573371794,45,Month-to-Month,No,Yellow,Buddy,Aries,44.431440006030705
251,29.04706311446624,47,One Year,No,Green,Charlie,Aries,68.75141731037785
252,99.38136265467993,23,Two Year,Yes,Blue,Bella,Gemini,82.62473888422443
253,58.44674542031922,32,One Year,No,Green,Charlie,Aries,85.31303638068513
254,71.10462946115027,49,Two Year,No,Red,Charlie,Gemini,23.685850548413796
255,90.0937518945163,17,Month-to-Month,Yes,Green,Bella,Taurus,76.73056444460703
256,20.07719694748512,59,One Year,No,Yellow,Bella,Aries,77.62029147774535
257,98.07859420770464,19,One Year,No,Blue,Buddy,Cancer,37.12635371650145
258,48.73274497361545,42,One Year,Yes,Yellow,Charlie,Gemini,29.022002277607363
259,47.16725931166611,34,Two Year,Yes,Red,Bella,Gemini,79.97489261562417
260,31.60506688741231,14,Two Year,No,Green,Charlie,Cancer,39.96000049898225
261,88.65475282268329,55,One Year,No,Blue,Bella,Gemini,20.13390432669418
262,89.66716286937924,3,Two Year,No,Blue,Charlie,Gemini,37.88580828614889
263,21.59911991559122,39,One Year,Yes,Red,Buddy,Cancer,22.485440705305002
264,24.458017669865306,25,Month-to-Month,No,Red,Charlie,Taurus,39.934934935530286
265,93.46733285069364,60,One Year,No,Green,Bella,Aries,46.801566586545675
266,29.829450582192123,11,One Year,No,Blue,Max,Aries,41.71201276303612
267,69.67419711735671,49,Two Year,No,Red,Buddy,Aries,93.59496537433957
268,69.57203601346527,15,Two Year,No,Blue,Buddy,Aries,38.602635790822774
269,89.57842680869234,19,Two Year,No,Green,Max,Aries,57.402785822248106
270,65.81232843405428,43,Month-to-Month,No,Yellow,Bella,Aries,96.59420750752376
271,54.72091290485031,15,Month-to-Month,Yes,Red,Buddy,Gemini,90.33595930961778
272,97.95046260728364,15,Month-to-Month,Yes,Green,Max,Aries,44.74067796262091
273,38.3052380799176,38,Two Year,No,Yellow,Max,Gemini,46.1192235965975
274,41.01744141465466,15,One Year,Yes,Green,Charlie,Cancer,67.46635220075598
275,26.781572383888637,9,One Year,No,Red,Charlie,Taurus,93.4290280603384
276,98.02534537239553,5,One Year,No,Green,Bella,Gemini,20.799983636464265
277,76.50881670700923,19,Two Year,No,Blue,Max,Taurus,51.449583374814495
278,20.967766999312083,24,Two Year,No,Red,Charlie,Cancer,87.98203890897791
279,76.345122206323,29,Month-to-Month,No,Blue,Bella,Aries,52.837598270942074
280,52.330888889095384,60,Two Year,No,Green,Buddy,Taurus,77.60439001759514
281,97.40397533882731,5,One Year,No,Red,Charlie,Taurus,75.35399219297618
282,42.191000172991444,22,Month-to-Month,No,Blue,Bella,Cancer,36.43669677042938
283,76.82290709711187,13,Month-to-Month,No,Blue,Charlie,Cancer,55.967560349358656
284,70.19473202995167,50,Two Year,No,Blue,Buddy,Cancer,65.29493702501375
285,20.963997991699898,52,Month-to-Month,No,Yellow,Buddy,Gemini,77.23703481952718
286,90.81735434658988,49,Month-to-Month,No,Blue,Charlie,Gemini,85.79117052600682
287,31.16901282823732,47,Two Year,No,Blue,Buddy,Taurus,80.79465689355946
288,73.08710231982664,46,Month-to-Month,No,Green,Bella,Cancer,22.26491739081841
289,82.04387606354312,29,One Year,No,Green,Charlie,Taurus,73.65102732813324
290,70.47421171987688,16,Two Year,Yes,Green,Charlie,Aries,59.785237108453856
291,27.769109401092713,36,One Year,No,Green,Buddy,Cancer,65.90893886828695
292,98.01433090037528,17,One Year,No,Yellow,Bella,Gemini,49.83729701967015
293,38.94543316169779,20,One Year,No,Green,Charlie,Cancer,77.12209716695243
294,70.22918159550952,14,One Year,No,Green,Charlie,Taurus,73.91108096953066
295,83.77424466090488,50,Month-to-Month,No,Green,Buddy,Gemini,66.35891851650925
296,95.13888079252094,6,Month-to-Month,No,Blue,Buddy,Aries,88.92844260714517
297,68.32084234047262,22,Two Year,Yes,Yellow,Bella,Aries,28.152001991331154
298,40.72433193304925,40,Two Year,No,Green,Bella,Taurus,44.081862073622695
299,86.93112139255732,9,One Year,No,Blue,Buddy,Cancer,59.61043321622623
300,33.05759727600572,32,One Year,No,Red,Bella,Aries,96.68838490396284
301,21.78259424568565,24,Two Year,No,Yellow,Max,Taurus,25.757070902545536
302,92.65190867539214,33,Two Year,No,Green,Max,Gemini,46.96619919878697
303,66.03111664436848,13,Two Year,Yes,Blue,Buddy,Gemini,94.07124429807598
304,25.57131926490549,35,Two Year,No,Red,Charlie,Taurus,91.83580539593306
305,66.37835096984043,6,One Year,Yes,Red,Buddy,Cancer,89.21964565660818
306,31.60113346579589,49,Two Year,Yes,Blue,Buddy,Cancer,44.671236480110714
307,22.510880511749207,40,Month-to-Month,No,Blue,Buddy,Cancer,87.74686238008043
308,29.321923799260333,30,One Year,No,Yellow,Charlie,Cancer,60.42715295167349
309,82.00859428047762,38,Month-to-Month,No,Blue,Max,Taurus,69.58230752338899
310,80.45287238508799,16,Two Year,No,Green,Bella,Taurus,39.10599243686953
311,68.34545079322265,1,Month-to-Month,Yes,Red,Max,Gemini,76.53391111352809
312,36.74626319302446,42,Two Year,No,Green,Bella,Gemini,46.21576834045114
313,79.11736526362469,18,Month-to-Month,No,Green,Bella,Cancer,47.51043408965212
314,52.643621377205406,22,One Year,No,Green,Buddy,Aries,70.94537408748604
315,60.8602893701072,26,Month-to-Month,No,Red,Buddy,Aries,39.186553773925674
316,91.8112554661057,14,One Year,No,Red,Bella,Gemini,37.95509785966533
317,56.62860189905003,56,Month-to-Month,No,Red,Charlie,Gemini,49.5330354076862
318,70.10929230811925,37,Month-to-Month,No,Blue,Charlie,Taurus,82.24509000473869
319,96.94011934703263,49,One Year,No,Green,Charlie,Gemini,37.97456392505194
320,56.11119190671979,14,One Year,No,Yellow,Charlie,Gemini,82.98547124429224
321,64.85823185541521,26,Two Year,No,Blue,Buddy,Cancer,75.64842217318
322,66.75316999067584,50,One Year,No,Blue,Max,Aries,74.32639043761196
323,39.256924709820346,36,One Year,No,Yellow,Max,Aries,57.98045389707284
324,78.95376498263619,52,Two Year,No,Green,Bella,Taurus,79.67102666874808
325,78.1309622619078,23,One Year,No,Yellow,Charlie,Aries,21.081561608310324
326,37.08453931965457,2,One Year,No,Red,Buddy,Cancer,44.44858065323375
327,21.06704358676101,39,Month-to-Month,No,Green,Buddy,Cancer,74.33099710590515
328,99.91532564547624,7,Two Year,Yes,Blue,Buddy,Taurus,98.98363394122262
329,66.52701863685517,39,Two Year,No,Red,Bella,Gemini,20.201147286742078
330,34.48256339008011,45,Month-to-Month,Yes,Red,Buddy,Gemini,60.797781202696626
331,42.68523860117435,51,Two Year,Yes,Blue,Bella,Cancer,93.90691432296195
332,69.42336337672799,22,Month-to-Month,No,Yellow,Bella,Taurus,89.0831507853339
333,31.00924648384643,28,One Year,No,Red,Bella,Cancer,21.850895580353715
334,22.982450968716517,38,Two Year,No,Red,Bella,Aries,62.36465018805482
335,83.87838675637948,20,One Year,No,Green,Buddy,Aries,20.342968113354686
336,77.26769954815335,49,Two Year,No,Green,Buddy,Cancer,83.16599585859004
337,44.76813185063868,57,One Year,Yes,Blue,Max,Gemini,44.70998736714766
338,24.67931022196553,18,Two Year,No,Blue,Buddy,Aries,81.24725295322308
339,58.90167286784621,57,Two Year,No,Blue,Charlie,Taurus,95.58346733628575
340,42.09490319404472,24,One Year,No,Yellow,Charlie,Gemini,98.08680433241187
341,51.82233738509182,33,Month-to-Month,Yes,Red,Bella,Aries,91.52889447025116
342,41.91754771004823,59,Two Year,No,Blue,Bella,Cancer,36.331476253997295
343,34.021409594073944,55,Month-to-Month,No,Green,Bella,Gemini,35.56801359423975
344,50.959182946911106,45,Month-to-Month,Yes,Red,Max,Gemini,70.06243463089822
345,97.19152987822523,26,Month-to-Month,Yes,Blue,Bella,Aries,63.52429457983806
346,41.298229360797365,19,Month-to-Month,No,Red,Max,Taurus,20.762768624107906
347,46.87733152375876,48,Month-to-Month,No,Red,Bella,Aries,51.338188092106336
348,46.33936268197046,42,Month-to-Month,No,Red,Charlie,Aries,92.53528044137403
349,58.42310558324322,13,Two Year,Yes,Blue,Bella,Aries,91.86872151358895
350,87.48044310342269,10,Month-to-Month,No,Red,Buddy,Aries,36.31255072768279
351,52.169807323971604,14,Two Year,No,Red,Bella,Aries,50.55704553258086
352,84.49183712264335,9,Two Year,No,Red,Buddy,Cancer,64.8292808796866
353,29.20096875460297,53,Two Year,No,Green,Buddy,Aries,88.22274120737795
354,91.59257637456905,11,One Year,No,Blue,Buddy,Taurus,62.55955513930786
355,34.82432668191477,3,Month-to-Month,No,Yellow,Buddy,Gemini,97.45598499704279
356,23.1361199266022,40,One Year,No,Green,Max,Cancer,83.92417103903104
357,32.66835843016507,12,Month-to-Month,No,Red,Max,Taurus,96.24734983828975
358,35.259983303252156,35,One Year,Yes,Red,Bella,Aries,78.51937747010746
359,60.68033020906873,39,Two Year,No,Yellow,Bella,Taurus,90.20993114900239
360,55.99506342024446,46,One Year,Yes,Yellow,Max,Gemini,86.48030339022796
361,77.26995335453668,39,Two Year,No,Green,Bella,Taurus,40.30707853929024
362,24.076086863493078,32,One Year,No,Red,Bella,Aries,38.362913876341494
363,59.81650011008676,39,Month-to-Month,No,Yellow,Max,Gemini,89.15067403653852
364,46.59769815387047,14,Month-to-Month,Yes,Green,Max,Aries,26.774219001625834
365,70.45650656728068,44,One Year,No,Yellow,Bella,Aries,52.68508837597855
366,23.495977930001473,1,One Year,Yes,Red,Max,Cancer,85.65262162284472
367,22.79478471345275,27,Month-to-Month,Yes,Red,Charlie,Gemini,85.05914654729389
368,54.18012811170372,37,One Year,No,Red,Buddy,Gemini,31.102624854421563
369,84.90715833612096,60,One Year,No,Red,Buddy,Aries,59.016784068576754
370,73.68752513082197,43,Month-to-Month,No,Blue,Charlie,Taurus,58.38659221801046
371,21.336487352925275,1,Two Year,Yes,Blue,Charlie,Gemini,45.89771619513748
372,34.27776753712979,55,Month-to-Month,No,Blue,Bella,Taurus,93.37449160514693
373,38.13851716139544,45,Month-to-Month,No,Green,Bella,Taurus,72.24940896045854
374,53.844714203615574,29,One Year,No,Green,Buddy,Gemini,98.41499918754964
375,66.93725471374395,24,Month-to-Month,Yes,Yellow,Bella,Taurus,25.341296866140706
376,37.31681391178317,55,Month-to-Month,No,Yellow,Buddy,Gemini,51.548013832874545
377,50.60113795778381,17,One Year,No,Green,Bella,Cancer,86.81100496790485
378,66.71547151950114,35,One Year,No,Yellow,Bella,Gemini,53.814853536972734
379,50.674824312131925,31,Two Year,No,Green,Buddy,Gemini,40.95024216346594
380,31.453553710770574,42,Month-to-Month,No,Blue,Charlie,Gemini,99.82460354536857
381,59.33289004305789,32,Two Year,No,Green,Charlie,Cancer,89.84999117618511
382,45.919535676304434,19,Two Year,Yes,Green,Bella,Taurus,63.717892903955885
383,89.13506900438685,31,Two Year,No,Yellow,Charlie,Cancer,64.9367388997286
384,82.04999264750674,39,Two Year,Yes,Yellow,Bella,Taurus,20.54903684701226
385,35.22200737869515,20,Month-to-Month,No,Green,Max,Gemini,98.47956647064895
386,32.21086330646755,28,Month-to-Month,No,Red,Max,Gemini,84.50361295259933
387,47.81413386516,3,Month-to-Month,No,Yellow,Max,Cancer,22.93834876357031
388,52.973960035487394,32,Two Year,No,Green,Charlie,Cancer,34.10641537273251
389,94.56145210597825,22,One Year,No,Yellow,Charlie,Cancer,85.68249842379399
390,44.12965896682664,44,Month-to-Month,Yes,Red,Buddy,Cancer,26.949243861756855
391,89.40674823747932,58,Two Year,No,Yellow,Charlie,Gemini,95.34285820076536
392,60.42474234829726,54,Two Year,No,Green,Bella,Gemini,99.99128497205001
393,90.84989804459117,42,Two Year,No,Green,Buddy,Aries,90.91462476642337
394,76.15630218628692,53,Two Year,No,Red,Charlie,Cancer,79.11231914860134
395,76.67111744874951,44,Two Year,No,Green,Buddy,Cancer,58.98258809350185
396,61.503798999691824,15,Two Year,No,Red,Charlie,Taurus,26.594366107789888
397,87.22432332625118,38,Month-to-Month,Yes,Green,Bella,Taurus,78.43569854737615
398,40.35398441933565,19,One Year,No,Green,Max,Gemini,51.74921232223092
399,92.58810172134952,31,Month-to-Month,No,Yellow,Max,Aries,65.61829049173396
400,70.94206840287738,26,Month-to-Month,No,Yellow,Bella,Cancer,43.47123809133025
401,55.096712119402056,5,Two Year,No,Red,Buddy,Aries,39.37248076117932
402,98.57519227324457,57,Month-to-Month,No,Yellow,Max,Aries,45.943756691712395
403,88.96112855293121,20,One Year,No,Blue,Charlie,Gemini,85.10624187309703
404,81.76168102653597,59,One Year,No,Red,Charlie,Aries,54.1193232127648
405,41.91219768551551,2,Two Year,No,Blue,Buddy,Cancer,44.93663295700386
406,97.89925603459182,21,One Year,No,Red,Buddy,Gemini,54.63763178199366
407,79.43900022607647,51,Two Year,No,Blue,Bella,Aries,22.582989275717466
408,68.41738272232332,60,One Year,Yes,Yellow,Max,Gemini,91.24834262523065
409,93.74393832106664,51,One Year,No,Yellow,Buddy,Gemini,64.14092473335026
410,32.97453455433033,36,Month-to-Month,No,Green,Max,Taurus,28.38609816965321
411,31.12128422114214,28,One Year,No,Blue,Max,Gemini,43.07255455593082
412,65.09707315126082,20,Two Year,No,Green,Charlie,Aries,98.68421991022197
413,24.537087730648857,37,One Year,Yes,Red,Buddy,Taurus,67.44459411231385
414,73.11894894936125,39,One Year,No,Blue,Bella,Cancer,43.31239095198764
415,39.25929104924958,36,Month-to-Month,No,Green,Buddy,Cancer,54.10765290927954
416,29.52212623544571,11,Two Year,No,Red,Max,Cancer,40.677982354826796
417,52.75966798331824,55,Two Year,Yes,Blue,Charlie,Cancer,22.54434056956317
418,57.275970109245094,57,Two Year,No,Green,Buddy,Cancer,87.36240257216433
419,33.63878911168569,3,Month-to-Month,No,Blue,Buddy,Aries,43.39829133663968
420,23.322821676490577,37,One Year,No,Blue,Buddy,Gemini,87.07285910840096
421,53.12444729910509,20,Two Year,No,Green,Bella,Taurus,58.284565337113875
422,80.7621068790744,32,One Year,No,Yellow,Bella,Gemini,34.631570955810176
423,89.93598164808174,47,One Year,No,Yellow,Bella,Gemini,84.14949545637269
424,27.803863530327977,25,One Year,No,Green,Bella,Aries,50.16891848446356
425,61.97403704090041,21,Month-to-Month,Yes,Red,Charlie,Aries,76.61833502452964
426,41.072239104510786,58,One Year,Yes,Green,Charlie,Aries,86.9783735222986
427,49.97070956822932,50,Month-to-Month,No,Green,Bella,Taurus,97.0388525075083
428,94.67534638079252,16,Month-to-Month,No,Blue,Max,Aries,26.865162606899354
429,48.165981835651756,48,Month-to-Month,No,Yellow,Bella,Gemini,20.670918547234987
430,49.22767441426615,42,Two Year,No,Yellow,Bella,Taurus,63.8739985217958
431,36.7516660595993,1,Month-to-Month,No,Yellow,Max,Aries,41.13927695000001
432,96.80147344206844,23,Two Year,No,Yellow,Buddy,Aries,57.52814317948611
433,56.518988532822675,43,Month-to-Month,No,Green,Max,Aries,25.812694972488597
434,65.63137072454103,49,Month-to-Month,Yes,Blue,Max,Gemini,60.12712373386877
435,56.25344738411198,24,Month-to-Month,No,Yellow,Charlie,Aries,29.988452254251232
436,40.23352614110913,47,Month-to-Month,Yes,Yellow,Buddy,Gemini,87.08702065592409
437,84.83300905127895,25,One Year,No,Blue,Max,Taurus,80.75894421091654
438,22.277698070145693,7,One Year,No,Green,Bella,Aries,25.92588625737937
439,75.2194744073355,57,Month-to-Month,No,Green,Max,Cancer,86.90802837823473
440,67.54182484794819,58,One Year,No,Green,Charlie,Cancer,45.996679393969806
441,31.542452055099936,38,Two Year,No,Yellow,Max,Gemini,48.22877943018647
442,33.27240354405515,47,One Year,No,Yellow,Bella,Aries,34.384285939324926
443,72.73804703206955,47,One Year,No,Yellow,Buddy,Aries,86.82432971939824
444,44.97110333306172,39,One Year,No,Green,Charlie,Cancer,52.376461107873986
445,41.25904625325433,35,Month-to-Month,No,Yellow,Buddy,Taurus,23.906869654425094
446,24.732487642982342,14,Two Year,No,Red,Charlie,Taurus,97.29997022609304
447,81.31864714582274,9,Month-to-Month,No,Blue,Bella,Gemini,40.47097711686898
448,90.61375482405163,3,Two Year,No,Red,Charlie,Cancer,94.89418223251776
449,85.58754813805871,38,Month-to-Month,No,Red,Buddy,Gemini,44.09906901174084
450,57.282729560002956,20,One Year,No,Yellow,Buddy,Gemini,86.51412757584913
451,62.716512686445,41,Two Year,No,Blue,Max,Taurus,73.13755939673527
452,39.38209551877507,33,One Year,Yes,Red,Buddy,Cancer,88.90267455916518
453,33.828379153502894,41,Two Year,No,Green,Max,Gemini,98.08943893623179
454,85.84009399130758,44,Two Year,No,Green,Buddy,Taurus,89.71869467652903
455,83.86753284358642,32,Month-to-Month,No,Green,Max,Taurus,52.29321292000164
456,82.18878627495135,36,Month-to-Month,No,Green,Bella,Aries,85.16027851961302
457,57.068744511810785,26,One Year,Yes,Blue,Max,Cancer,76.93206482456745
458,89.16062086756473,48,One Year,No,Green,Buddy,Cancer,24.928293666532273
459,94.09856554806518,5,Two Year,No,Blue,Bella,Aries,94.38080781900993
460,46.26754757227558,59,Two Year,No,Blue,Charlie,Gemini,57.276887330146494
461,37.97555934242847,49,Month-to-Month,Yes,Blue,Buddy,Taurus,30.75604525570047
462,57.14104246207866,30,Month-to-Month,No,Blue,Max,Taurus,54.03024777585168
463,34.3461085339674,17,Month-to-Month,No,Yellow,Charlie,Taurus,68.2512996097182
464,90.72023081119175,6,Month-to-Month,No,Red,Max,Aries,65.83569000671277
465,47.039240006221554,58,Month-to-Month,No,Yellow,Charlie,Taurus,65.98349174290423
466,66.09374292324614,15,Two Year,No,Red,Bella,Gemini,40.46714265213869
467,67.57755967257,1,Two Year,No,Yellow,Buddy,Gemini,70.61619595369513
468,61.19903042767171,13,One Year,No,Green,Bella,Aries,92.59318670221302
469,32.52205675384786,48,Two Year,No,Blue,Buddy,Gemini,51.09335572412806
470,99.28005120746971,34,Month-to-Month,No,Green,Charlie,Cancer,70.44642260960879
471,33.808258339290376,30,Two Year,No,Green,Bella,Cancer,39.51896056057969
472,80.12058884567278,19,Two Year,Yes,Green,Buddy,Taurus,23.862481615096147
473,83.30902992441273,55,Two Year,No,Yellow,Charlie,Taurus,66.85850911355242
474,31.613096668901814,2,One Year,No,Green,Bella,Cancer,23.80398417481807
475,94.65308092399043,53,One Year,Yes,Blue,Bella,Gemini,77.88676759363787
476,59.02070101021827,57,Two Year,No,Blue,Bella,Aries,73.62821582414114
477,70.31063668541492,44,Two Year,Yes,Red,Bella,Taurus,49.546001512105235
478,71.3748844827837,12,Month-to-Month,No,Yellow,Max,Taurus,52.90320877183855
479,60.39641004738406,58,One Year,No,Blue,Charlie,Cancer,93.42087491818398
480,31.361763529692297,40,Month-to-Month,Yes,Blue,Max,Cancer,21.05069004184502
481,80.14026863130394,44,Month-to-Month,Yes,Yellow,Charlie,Aries,65.06427046583937
482,66.54286680987937,24,Two Year,No,Green,Charlie,Taurus,93.86889005875707
483,29.49444922059068,11,Two Year,No,Blue,Charlie,Gemini,93.11897982156773
484,76.02575749068869,2,Two Year,No,Green,Buddy,Gemini,66.7724611059754
485,76.22106086451925,1,Month-to-Month,No,Blue,Charlie,Cancer,50.49839991276784
486,63.878915687673214,57,Month-to-Month,No,Red,Bella,Aries,27.91228210658992
487,27.243904823325444,58,Month-to-Month,No,Green,Max,Cancer,33.90273630498804
488,48.21152249093834,28,Two Year,No,Blue,Bella,Aries,74.37386841629291
489,24.07392861013608,4,Two Year,No,Yellow,Bella,Gemini,21.330726704781426
490,58.20768150611131,41,Two Year,No,Yellow,Max,Aries,90.67884611263861
491,92.51577055152347,59,Month-to-Month,No,Yellow,Bella,Gemini,67.03475761167068
492,20.1802386090339,30,Month-to-Month,No,Blue,Buddy,Aries,23.611732981181135
493,41.33109224339297,60,One Year,No,Green,Bella,Cancer,39.181393615330606
494,83.98872809184681,59,Two Year,No,Red,Bella,Gemini,67.53607284541238
495,20.788866705728523,7,Month-to-Month,No,Red,Max,Taurus,22.84810123678521
496,20.813874963680536,60,One Year,No,Blue,Bella,Taurus,82.39899215662098
497,68.86548688755192,22,Month-to-Month,No,Blue,Max,Gemini,93.59376534644825
498,83.13598054388676,26,Month-to-Month,No,Blue,Charlie,Taurus,96.89763146415498
499,82.12043339733366,29,Two Year,No,Green,Charlie,Gemini,78.69273975204202
500,82.36624165994296,25,One Year,Yes,Yellow,Buddy,Cancer,88.54603766716137
501,48.880507585413255,10,Month-to-Month,No,Green,Max,Cancer,68.85659698637892
502,90.61793154195671,20,One Year,No,Green,Max,Aries,56.683493163325956
503,21.02684811173895,14,One Year,No,Blue,Max,Taurus,77.05078026977658
504,44.97509894178403,33,Two Year,Yes,Red,Buddy,Taurus,37.9344531410156
505,46.97501558683119,5,One Year,No,Green,Buddy,Taurus,28.78274609564402
506,33.245690065563295,45,Two Year,Yes,Red,Bella,Gemini,80.9480780903119
507,46.898077839367936,6,Two Year,No,Blue,Max,Cancer,96.65494343886951
508,66.87073040416873,22,Two Year,No,Green,Buddy,Taurus,66.19834658624188
509,61.6223450157906,60,One Year,No,Yellow,Charlie,Aries,58.60338967982883
510,45.55418868676319,17,Month-to-Month,No,Yellow,Charlie,Taurus,62.75233850177476
511,79.94620109459645,15,Two Year,No,Green,Max,Aries,58.2771347507866
512,77.18324627502457,39,Month-to-Month,Yes,Yellow,Charlie,Taurus,55.376022494179054
513,42.45571816643523,40,One Year,No,Green,Bella,Taurus,95.76285553169703
514,45.8582714222334,28,Month-to-Month,No,Yellow,Bella,Cancer,58.38105529025987
515,43.00161589057021,53,Month-to-Month,No,Blue,Max,Aries,26.488195281118287
516,30.308093320897243,2,Two Year,No,Yellow,Buddy,Taurus,81.24133432561891
517,80.2225314368684,18,Two Year,No,Yellow,Buddy,Aries,51.32492827263317
518,23.702120841219923,27,Two Year,No,Blue,Buddy,Aries,76.85548365991069
519,32.04643952827382,21,One Year,No,Blue,Buddy,Cancer,66.36554876595254
520,28.424361419827797,23,Month-to-Month,No,Yellow,Max,Cancer,77.05440521246804
521,86.02711804194675,7,One Year,No,Red,Bella,Aries,24.959516562854365
522,23.520681230940077,52,One Year,Yes,Red,Max,Cancer,22.709865813425843
523,73.1701831933247,59,One Year,No,Green,Max,Taurus,50.283329988091296
524,23.55796787286428,48,One Year,No,Yellow,Charlie,Taurus,75.45329102575526
525,82.91547231374395,19,Two Year,No,Green,Bella,Cancer,37.89460215247953
526,93.01712691149989,9,Month-to-Month,No,Blue,Buddy,Aries,54.67205743700576
527,58.94745326676492,12,Two Year,No,Yellow,Bella,Taurus,98.46482111783796
528,84.36334408098365,46,Two Year,No,Blue,Charlie,Gemini,37.18996436138764
529,76.51284262801826,30,One Year,No,Yellow,Max,Aries,87.83547694170909
530,83.65082337387737,7,Two Year,No,Yellow,Bella,Aries,86.03687078489573
531,81.34201596207907,2,Month-to-Month,No,Blue,Charlie,Gemini,91.30817482311907
532,36.42943069909855,17,One Year,No,Yellow,Max,Gemini,93.21133949030298
533,59.96472081238316,11,Two Year,No,Yellow,Buddy,Aries,60.585615391850574
534,96.83313497011086,50,One Year,No,Green,Bella,Gemini,74.55470265564605
535,47.482635566519335,12,Month-to-Month,No,Blue,Buddy,Cancer,69.51127296125554
536,97.63896725096515,3,One Year,No,Red,Buddy,Cancer,44.715883229244554
537,66.65293691469887,21,Two Year,No,Red,Charlie,Aries,42.383006892376585
538,56.928913413262194,14,Two Year,No,Yellow,Charlie,Cancer,47.3255975600873
539,72.62059720209618,15,Month-to-Month,No,Green,Max,Taurus,37.47661856061537
540,85.26713369421549,51,Month-to-Month,No,Yellow,Buddy,Cancer,80.59068403942364
541,51.536652388059935,42,One Year,No,Green,Charlie,Cancer,97.16582947412127
542,22.636334009171037,41,Two Year,No,Yellow,Charlie,Gemini,89.42173934704626
543,76.70450383763291,10,Month-to-Month,No,Red,Buddy,Cancer,37.435232327070445
544,96.4933427597908,52,Month-to-Month,No,Blue,Max,Aries,24.153237656974387
545,69.99893202210704,55,Two Year,No,Green,Buddy,Cancer,80.567512565774
546,35.073158283637866,36,Month-to-Month,Yes,Yellow,Max,Cancer,51.2171044726893
547,39.859402574488826,51,Month-to-Month,No,Yellow,Max,Aries,85.9690092933372
548,92.78005749050993,10,Two Year,No,Green,Charlie,Aries,82.33886372691617
549,21.08496764835765,17,Month-to-Month,No,Green,Buddy,Gemini,70.03282015992062
550,63.89973323707339,44,Two Year,No,Red,Buddy,Taurus,40.42714675035163
551,32.694211615516465,25,Two Year,No,Green,Charlie,Cancer,28.322861426411762
552,42.62115481736635,27,One Year,Yes,Yellow,Bella,Taurus,40.211866084490815
553,44.55853195946081,33,Two Year,No,Red,Bella,Gemini,60.780775627637375
554,37.5426198190662,11,Month-to-Month,No,Red,Buddy,Aries,98.35703805139056
555,83.38816501649247,13,One Year,No,Blue,Charlie,Aries,25.09497921602869
556,46.576733918300704,1,One Year,No,Blue,Max,Aries,36.00576006527454
557,47.63879930124304,31,Month-to-Month,No,Blue,Max,Gemini,70.18235661539401
558,56.240545095476726,33,One Year,No,Green,Buddy,Cancer,44.349151573362214
559,92.1836230992338,21,Month-to-Month,No,Red,Charlie,Gemini,88.68034395519074
560,75.05384256213463,16,One Year,Yes,Green,Buddy,Aries,31.1533589652476
561,24.939976333422216,39,Month-to-Month,No,Red,Buddy,Cancer,97.05260188671531
562,23.14095368292593,23,Two Year,Yes,Yellow,Charlie,Aries,92.98999132132215
563,65.31113836616203,10,Two Year,No,Green,Buddy,Aries,91.0023244808577
564,90.96484493817663,48,One Year,No,Red,Max,Gemini,33.84552334107329
565,45.860118080047286,33,One Year,Yes,Blue,Bella,Gemini,46.359689940211545
566,39.821746312173474,22,Two Year,No,Blue,Max,Taurus,84.32774737868219
567,79.85528362504633,41,Month-to-Month,No,Yellow,Bella,Aries,84.62464524479569
568,68.16730931758619,6,One Year,No,Green,Charlie,Cancer,76.41403321657059
569,65.2021873885444,47,Two Year,No,Red,Buddy,Aries,55.844070522700136
570,31.94409593148329,36,One Year,No,Blue,Bella,Cancer,44.92714165387497
571,34.07690549287885,47,Two Year,No,Red,Charlie,Taurus,97.03663489453817
572,42.54302207392194,10,Two Year,Yes,Green,Charlie,Aries,31.14098159106768
573,36.547114774554956,57,Two Year,No,Blue,Charlie,Cancer,23.50032487695649
574,97.71557960371489,16,Month-to-Month,No,Yellow,Max,Cancer,20.730441599188893
575,21.488881308492587,13,One Year,No,Yellow,Max,Taurus,82.00215277069508
576,70.08450707434592,51,Month-to-Month,No,Green,Bella,Gemini,24.53641167733916
577,61.40790599003506,58,Month-to-Month,No,Green,Bella,Taurus,63.091488357752965
578,45.860098871874904,20,Two Year,No,Red,Max,Cancer,49.383395285384196
579,91.00709696831802,4,Month-to-Month,No,Yellow,Bella,Taurus,31.752631205776556
580,73.61300620314258,20,One Year,No,Green,Bella,Gemini,79.24763895097625
581,99.86834810585812,22,One Year,No,Green,Buddy,Aries,24.400546483514766
582,33.492476746118825,29,Two Year,No,Yellow,Bella,Taurus,45.47150708683618
583,27.029426869426302,16,Two Year,No,Red,Charlie,Taurus,64.97529803360729
584,31.151781397307516,43,One Year,No,Red,Buddy,Aries,52.193257868500176
585,41.5432774067677,47,One Year,No,Yellow,Bella,Taurus,40.73185589273601
586,53.34295932543648,43,Two Year,No,Yellow,Buddy,Gemini,94.08008037648374
587,89.00826280015544,23,Month-to-Month,No,Yellow,Charlie,Cancer,94.47763107989313
588,42.68734130631093,30,One Year,No,Yellow,Bella,Taurus,53.28756316873811
589,93.21946480221457,57,Two Year,No,Yellow,Buddy,Aries,51.49955334091359
590,57.03261507237733,30,Two Year,No,Green,Bella,Aries,44.59080379893607
591,71.76560148311862,43,One Year,Yes,Blue,Buddy,Taurus,88.46049543298884
592,41.15261712447606,3,Two Year,No,Yellow,Buddy,Aries,65.43322287959235
593,32.48110528188303,56,One Year,No,Blue,Charlie,Cancer,27.16177703219642
594,89.55655525264393,24,Two Year,No,Red,Charlie,Cancer,88.2656562494694
595,28.760494441613112,49,Two Year,Yes,Green,Bella,Aries,62.79090159656006
596,81.92170446136181,37,Month-to-Month,No,Blue,Max,Taurus,53.24734432847268
597,66.4787444861486,13,Two Year,No,Red,Bella,Taurus,47.02919549148463
598,88.89102253430791,42,One Year,No,Red,Buddy,Aries,27.95412722503559
599,77.42547296785418,32,One Year,No,Red,Charlie,Cancer,96.53617251206956
600,42.53312816892334,37,Month-to-Month,No,Yellow,Charlie,Cancer,79.29948139778413
601,65.9542077805821,12,One Year,No,Green,Buddy,Taurus,30.542205047918458
602,21.045889568435783,8,Two Year,No,Red,Max,Cancer,60.90150553078675
603,58.01746738979432,24,Month-to-Month,No,Yellow,Charlie,Gemini,64.44601582290295
604,26.881090845762856,44,One Year,Yes,Blue,Max,Cancer,33.431100562460465
605,54.31559982482638,16,Two Year,No,Green,Charlie,Taurus,54.177722308984315
606,28.768944639894176,32,Month-to-Month,No,Blue,Buddy,Cancer,71.65968923632065
607,96.4383845556332,34,Two Year,No,Blue,Bella,Cancer,42.72084574518081
608,61.84543659261823,35,One Year,No,Yellow,Bella,Aries,46.52871639119587
609,93.05743882213147,32,One Year,No,Blue,Max,Gemini,29.762278165200648
610,21.789297837261266,50,One Year,No,Green,Bella,Aries,53.059251546060494
611,71.01226271055182,17,One Year,No,Blue,Buddy,Cancer,66.70858277666358
612,44.55636015412962,2,Month-to-Month,Yes,Yellow,Bella,Cancer,29.32204325594536
613,54.546319677218904,26,One Year,No,Red,Max,Aries,69.18274870680284
614,89.84699161717518,54,Month-to-Month,No,Yellow,Buddy,Gemini,51.82345718022499
615,98.40168758069959,44,Month-to-Month,Yes,Red,Buddy,Taurus,74.25458035126465
616,39.71935635466819,17,Two Year,No,Blue,Charlie,Aries,45.18695804134608
617,95.86026282826413,38,One Year,No,Red,Charlie,Cancer,65.47993906332833
618,75.09815591053753,49,Two Year,No,Yellow,Bella,Cancer,69.02422786078411
619,96.11311314858166,2,Two Year,No,Yellow,Max,Taurus,75.24059193169157
620,64.9893598896968,8,Two Year,No,Green,Buddy,Cancer,80.55511868298395
621,96.86050279931764,46,Two Year,Yes,Green,Bella,Cancer,30.90813679199264
622,91.39643665179469,6,Two Year,No,Red,Bella,Taurus,97.21941937602219
623,30.287339298035683,9,One Year,Yes,Red,Charlie,Cancer,87.49163325230094
624,44.863194168138435,1,Two Year,Yes,Green,Bella,Cancer,64.98550260788937
625,39.44505532100095,5,Month-to-Month,No,Blue,Bella,Gemini,91.22870966226864
626,65.76794608402056,39,Month-to-Month,No,Green,Charlie,Aries,50.59463743845995
627,84.22395452047402,9,One Year,No,Blue,Bella,Gemini,22.742924128490678
628,80.7529157509505,14,Month-to-Month,No,Red,Bella,Gemini,78.16251046943545
629,78.13993058267813,27,Two Year,Yes,Red,Buddy,Cancer,95.4675319484288
630,50.02119005884687,9,Month-to-Month,No,Yellow,Bella,Aries,32.94837308602418
631,31.170950530226236,36,Two Year,No,Yellow,Charlie,Aries,71.50991576130684
632,36.84668429028794,29,One Year,No,Blue,Charlie,Cancer,85.07404485218535
633,79.33419677186662,20,Month-to-Month,No,Blue,Buddy,Gemini,92.40536413104664
634,31.802747124765062,15,Month-to-Month,No,Green,Charlie,Gemini,42.12222072921488
635,37.83573639468169,36,Month-to-Month,No,Blue,Charlie,Gemini,30.298704750778526
636,53.964212229879294,3,One Year,No,Red,Charlie,Aries,39.82800911007479
637,25.76899445499704,56,One Year,Yes,Red,Bella,Cancer,66.21773128153085
638,37.01536486161039,53,Month-to-Month,No,Red,Buddy,Aries,93.49826051964253
639,31.981450187298925,23,One Year,No,Yellow,Max,Gemini,66.60286489588049
640,96.10574263294724,58,Two Year,No,Blue,Buddy,Aries,93.56970406687972
641,35.322070843591135,54,One Year,No,Blue,Buddy,Aries,81.60296189529753
642,88.9415768136315,46,Month-to-Month,Yes,Yellow,Buddy,Cancer,67.87115713342473
643,29.18385530132867,9,Two Year,No,Yellow,Max,Cancer,21.74388074106637
644,89.57385058420058,30,Month-to-Month,No,Yellow,Max,Aries,46.6460614300913
645,67.95470290187757,19,Month-to-Month,No,Red,Charlie,Taurus,24.596764577992502
646,87.97647385796944,38,Month-to-Month,No,Blue,Bella,Cancer,45.77938802192227
647,89.38789508298859,3,One Year,Yes,Green,Charlie,Taurus,24.986679852675266
648,67.70988245339272,50,Month-to-Month,Yes,Green,Charlie,Cancer,33.425268916004995
649,93.41553227160192,48,Two Year,No,Blue,Max,Gemini,52.854873299392715
650,66.83586331876984,3,Two Year,No,Blue,Charlie,Taurus,61.19077963463845
651,77.00520623027003,34,Two Year,No,Yellow,Charlie,Gemini,37.37133506342839
652,53.28643817350661,2,Month-to-Month,No,Yellow,Max,Gemini,78.60619034063912
653,93.12541555767899,58,Two Year,No,Red,Buddy,Aries,67.22916974936157
654,85.93300311296213,27,Two Year,No,Yellow,Buddy,Gemini,75.34084246106222
655,33.3370489293542,23,Two Year,No,Blue,Max,Gemini,78.62125448747307
656,66.1110280163759,42,Two Year,No,Red,Bella,Gemini,78.15362708648189
657,91.74618632695571,32,One Year,Yes,Green,Charlie,Gemini,94.89871209574824
658,83.44515949271607,47,Month-to-Month,No,Blue,Buddy,Aries,38.977626713173365
659,97.00422245290599,35,Month-to-Month,No,Green,Max,Aries,41.612451138501456
660,38.50413495580759,40,Two Year,Yes,Blue,Bella,Gemini,27.53608544017205
661,49.39677065043824,18,Month-to-Month,No,Blue,Charlie,Taurus,67.40690859448824
662,60.5753510414505,27,Two Year,No,Red,Max,Cancer,51.61484061102924
663,38.61353360218119,11,Two Year,No,Red,Max,Taurus,59.69591045342103
664,51.523620415105526,39,Two Year,No,Yellow,Max,Gemini,33.58571661713118
665,63.003136353946594,19,Month-to-Month,No,Blue,Charlie,Aries,71.92482004571065
666,35.307136240107255,25,One Year,No,Blue,Buddy,Gemini,69.5215488511561
667,40.53502549620645,7,Month-to-Month,No,Red,Charlie,Gemini,41.182754154561565
668,29.987399984703558,31,Month-to-Month,Yes,Green,Charlie,Aries,57.23333523408592
669,77.07051279085988,57,One Year,No,Yellow,Buddy,Taurus,91.54407504858239
670,48.92415412289064,2,Month-to-Month,No,Blue,Max,Cancer,81.87992274606388
671,37.62129225470307,38,One Year,No,Red,Bella,Gemini,38.155510141066536
672,60.5859319344762,5,Two Year,Yes,Blue,Bella,Aries,90.30838819996828
673,25.459944454819812,14,One Year,No,Red,Buddy,Cancer,25.385037873723427
674,93.87252850547158,18,Two Year,No,Yellow,Buddy,Cancer,53.11428528443298
675,43.55740169258114,36,One Year,No,Green,Max,Cancer,26.409458202991686
676,90.91714785470897,4,Two Year,No,Blue,Bella,Aries,93.93713553491908
677,59.80960522597176,24,Month-to-Month,Yes,Blue,Bella,Gemini,23.256195345603466
678,88.01203981685124,13,One Year,No,Yellow,Max,Aries,32.09922368863296
679,39.765155263171565,55,Month-to-Month,No,Green,Buddy,Gemini,93.20319550692409
680,34.02164817942024,21,Two Year,No,Blue,Buddy,Taurus,66.57261159205035
681,87.95294425878626,57,One Year,No,Yellow,Max,Cancer,83.61503800770127
682,37.03391058973687,33,One Year,No,Blue,Buddy,Gemini,21.31254082094361
683,79.6956279439664,20,One Year,No,Blue,Charlie,Taurus,53.52760564442538
684,47.56670357277059,5,Month-to-Month,No,Yellow,Buddy,Aries,98.75725042194246
685,79.85549811481292,24,Two Year,No,Yellow,Charlie,Cancer,66.38552528241247
686,92.61170127906641,35,Month-to-Month,No,Red,Bella,Gemini,87.9746230879935
687,98.53107450298344,30,One Year,No,Red,Bella,Cancer,97.0847581517503
688,48.78475818149067,28,Two Year,No,Blue,Buddy,Cancer,74.80324072179253
689,49.402066771243696,53,Two Year,No,Yellow,Max,Cancer,46.21043693545446
690,98.51101894278837,51,Month-to-Month,Yes,Green,Buddy,Aries,44.68855474169071
691,88.92225042384307,45,Month-to-Month,No,Green,Max,Cancer,25.702192630117437
692,23.607357752910243,7,One Year,No,Blue,Bella,Gemini,54.22176816048796
693,65.87599889812164,42,One Year,No,Red,Bella,Aries,93.23115324975043
694,34.49958172387507,35,One Year,No,Yellow,Bella,Taurus,58.24499412751847
695,99.52100288745748,55,One Year,Yes,Yellow,Max,Gemini,92.87959281014247
696,31.113840989677897,30,Two Year,No,Red,Max,Aries,85.37135465825911
697,64.74780900342932,34,One Year,No,Yellow,Bella,Gemini,98.73496906319573
698,73.21586960233465,39,One Year,No,Blue,Buddy,Gemini,95.81562255136505
699,94.9651723723245,9,One Year,No,Yellow,Max,Taurus,76.51866152423918
700,87.78066493153496,60,Month-to-Month,No,Yellow,Charlie,Aries,89.697382950078
701,39.66038170622264,53,Month-to-Month,No,Red,Bella,Cancer,79.84621613059005
702,65.80991610340035,12,Month-to-Month,No,Red,Max,Gemini,76.27156117137743
703,96.28591663247066,54,One Year,No,Green,Bella,Gemini,77.24476623182417
704,78.85734776839502,29,Two Year,No,Blue,Charlie,Gemini,77.68349402863696
705,75.0669078703915,10,One Year,No,Red,Buddy,Gemini,50.35352094892388
706,80.39208634249252,27,Month-to-Month,No,Red,Charlie,Gemini,53.88499328420673
707,45.800495119025584,19,Month-to-Month,Yes,Red,Buddy,Aries,43.52569273384354
708,78.3401815522589,13,One Year,No,Yellow,Buddy,Gemini,31.860846053706354
709,38.628380115753274,42,Two Year,Yes,Blue,Max,Gemini,56.67547202673539
710,54.248221672620275,37,Two Year,No,Blue,Buddy,Gemini,91.99594314178262
711,91.19430537508052,32,Two Year,No,Yellow,Buddy,Cancer,72.10117652942631
712,21.517691719260135,15,Month-to-Month,Yes,Yellow,Buddy,Cancer,24.494428777448896
713,53.14549202018774,21,Month-to-Month,No,Red,Bella,Aries,84.89599556517217
714,41.345741339124764,3,Two Year,No,Green,Max,Gemini,94.83212217740002
715,35.88716931948875,8,One Year,Yes,Green,Max,Gemini,86.35379519894164
716,87.08603371780099,6,Two Year,No,Blue,Buddy,Taurus,78.20331313245975
717,75.71988582759825,29,One Year,No,Green,Bella,Cancer,32.00963166506572
718,29.01061763291854,19,Month-to-Month,No,Red,Buddy,Taurus,47.91999138020705
719,59.55706612009515,17,Month-to-Month,No,Yellow,Max,Gemini,65.22295106784242
720,57.35246174616889,10,Month-to-Month,No,Blue,Max,Gemini,26.148862350271163
721,31.40222352235268,33,Two Year,Yes,Blue,Max,Taurus,28.50161713086279
722,83.98101607929667,13,Two Year,No,Yellow,Max,Aries,94.740313760892
723,49.33391771633598,27,Month-to-Month,No,Green,Bella,Aries,76.21529546207869
724,80.95502201283155,42,Month-to-Month,No,Blue,Charlie,Taurus,42.00696368410205
725,35.365009206577,12,Month-to-Month,No,Yellow,Charlie,Gemini,46.18882478090782
726,45.20587692910659,2,Two Year,No,Yellow,Bella,Taurus,50.75434434241355
727,27.61367581621327,10,Two Year,No,Green,Buddy,Cancer,26.005703406297354
728,31.478341579648657,21,Month-to-Month,No,Green,Max,Aries,79.13415989715425
729,90.65467922821864,23,Two Year,Yes,Red,Max,Taurus,34.14672096729645
730,28.7290115348462,1,Two Year,Yes,Green,Max,Aries,84.4096019856568
731,27.658496582875458,33,Two Year,No,Green,Bella,Cancer,87.66979438215469
732,95.23018486693279,52,Two Year,No,Yellow,Bella,Gemini,71.07473419419713
733,71.67227677286141,26,Month-to-Month,Yes,Blue,Max,Gemini,81.58839547191306
734,28.073278684353554,15,Month-to-Month,No,Yellow,Max,Gemini,33.74681333488347
735,97.73733912528411,22,Two Year,No,Red,Buddy,Aries,66.07511861365094
736,31.76800084026377,25,Month-to-Month,Yes,Yellow,Charlie,Cancer,74.1439451556905
737,81.30765802283423,1,Month-to-Month,No,Red,Bella,Taurus,72.92484646834222
738,22.788108931166917,59,Month-to-Month,Yes,Green,Charlie,Gemini,29.383190211454462
739,69.96334378718493,26,One Year,No,Blue,Max,Aries,47.55059699840305
740,63.73630976823166,21,Month-to-Month,Yes,Blue,Charlie,Gemini,46.00300171858692
741,36.64030483402409,41,Month-to-Month,No,Yellow,Charlie,Cancer,65.80214980775267
742,71.4516914176333,24,Two Year,Yes,Blue,Bella,Taurus,81.21897030942026
743,69.36423945419108,39,Two Year,No,Red,Bella,Gemini,65.6472292936171
744,83.86813723711813,16,One Year,No,Red,Buddy,Cancer,80.38619509213234
745,90.06992468803563,32,One Year,No,Green,Max,Aries,27.917407735920648
746,60.80839525228528,16,Month-to-Month,No,Yellow,Buddy,Cancer,90.25109526938219
747,59.2236154787329,13,Month-to-Month,No,Green,Bella,Aries,62.929365549140776
748,69.72766167557582,42,Two Year,Yes,Blue,Buddy,Gemini,22.999892837373828
749,78.33660713838505,32,Month-to-Month,No,Green,Charlie,Gemini,71.4570402417941
750,48.49369379534997,50,Month-to-Month,No,Blue,Charlie,Cancer,61.38777498904604
751,60.37135066929827,41,Month-to-Month,No,Red,Bella,Aries,37.6295655078852
752,66.80833486585387,44,Month-to-Month,No,Yellow,Charlie,Cancer,81.15403668890838
753,99.0702467068729,24,Month-to-Month,No,Yellow,Max,Cancer,94.68546009663841
754,67.01697571647333,13,Month-to-Month,No,Green,Bella,Gemini,45.81467630748047
755,37.934924059380535,11,Month-to-Month,No,Blue,Max,Gemini,59.51325462530952
756,67.03918865922086,15,Month-to-Month,No,Red,Bella,Gemini,30.253999895874326
757,85.55996663592146,10,Two Year,No,Blue,Bella,Cancer,94.38397789638529
758,88.59229440089527,42,One Year,No,Green,Charlie,Cancer,45.50368476953864
759,84.02003636744094,41,Month-to-Month,No,Blue,Bella,Taurus,35.582774695962065
760,91.05675322310735,57,Two Year,No,Red,Bella,Taurus,58.27429414155644
761,46.781307350330195,57,Month-to-Month,No,Green,Buddy,Cancer,23.46259916009446
762,60.60564967621296,3,Month-to-Month,No,Red,Charlie,Taurus,40.22694649811239
763,82.36728768060351,55,One Year,No,Green,Max,Cancer,25.412618919312866
764,41.15599606072787,16,Two Year,No,Yellow,Bella,Gemini,30.189692359535982
765,49.726515028136085,44,Month-to-Month,No,Blue,Max,Aries,28.972604069269448
766,86.49245236448097,17,One Year,Yes,Red,Buddy,Gemini,89.79359640143657
767,81.60685196963865,25,One Year,No,Red,Bella,Cancer,94.43478784277023
768,97.69596543328711,30,Month-to-Month,No,Blue,Max,Gemini,57.96177326241168
769,99.67792468117202,47,Month-to-Month,No,Red,Charlie,Cancer,70.43336702826763
770,39.259563757710325,57,Two Year,No,Red,Buddy,Cancer,75.67215178103987
771,92.03599889389386,35,Two Year,No,Red,Buddy,Taurus,51.30506598976481
772,27.56124010800553,37,Month-to-Month,No,Yellow,Max,Cancer,49.61683736343103
773,76.78401671712444,60,Month-to-Month,No,Red,Bella,Aries,74.04552153789356
774,37.607951014044076,13,One Year,Yes,Yellow,Bella,Taurus,50.137161219619074
775,44.02489255380502,24,Two Year,No,Blue,Charlie,Aries,66.48076156401416
776,95.70569421316334,38,Month-to-Month,No,Yellow,Charlie,Cancer,61.21542486491662
777,41.052098938736954,26,Month-to-Month,No,Red,Bella,Gemini,61.956848072078515
778,73.85422953285043,58,Two Year,No,Red,Buddy,Cancer,86.34870903011608
779,34.2502806290605,9,Month-to-Month,No,Red,Charlie,Cancer,76.32456871189572
780,27.47119820563901,19,One Year,Yes,Yellow,Charlie,Gemini,96.85461232304743
781,47.14536202750915,28,One Year,No,Green,Buddy,Gemini,83.27813018012637
782,69.9356880631585,7,Month-to-Month,No,Green,Bella,Aries,31.66340116799166
783,39.83561150032649,45,Two Year,No,Blue,Max,Taurus,79.07866423998742
784,44.01350389373392,22,One Year,Yes,Blue,Charlie,Taurus,73.25180431737083
785,76.69838548851641,30,Two Year,Yes,Blue,Buddy,Taurus,71.68351836090788
786,28.22368183850952,37,Two Year,No,Red,Charlie,Aries,58.45957009536029
787,55.7524073442806,16,Two Year,No,Green,Buddy,Aries,24.997113585278914
788,95.33876239057793,36,One Year,No,Green,Charlie,Gemini,96.11878140080559
789,51.757732993138,5,One Year,No,Blue,Bella,Taurus,88.15397557795295
790,54.736082238195145,29,Month-to-Month,No,Green,Buddy,Cancer,58.94464299294864
791,79.05634428858312,52,Two Year,Yes,Blue,Max,Aries,32.686477410464676
792,82.32092176262775,51,One Year,No,Red,Max,Cancer,85.95781262846069
793,81.56851118244197,23,One Year,No,Green,Charlie,Taurus,54.45372843273486
794,99.82936199308577,6,Month-to-Month,No,Red,Max,Taurus,51.20911388050875
795,25.716086998964585,36,One Year,No,Red,Charlie,Aries,73.23057855461612
796,98.58026277063995,57,One Year,No,Green,Buddy,Aries,80.69403188261212
797,96.0151693597919,33,One Year,No,Yellow,Buddy,Gemini,25.027258929636645
798,88.17111202076464,49,Month-to-Month,No,Blue,Max,Cancer,81.40451331868104
799,56.33004606816334,41,Month-to-Month,No,Green,Max,Gemini,78.71524010813025
800,89.67218973071395,16,Two Year,No,Red,Bella,Gemini,67.13676884176348
801,37.666592984487615,55,One Year,No,Blue,Buddy,Cancer,47.07351314865075
802,83.33246683102642,34,Month-to-Month,No,Red,Max,Taurus,33.18417178046623
803,34.81906424968433,43,Month-to-Month,Yes,Blue,Max,Cancer,28.21223753470906
804,85.22896027769437,26,Month-to-Month,No,Green,Max,Taurus,20.09469549748544
805,69.16233066112454,37,Two Year,No,Red,Charlie,Gemini,36.516814055367426
806,27.84250236108204,13,Two Year,No,Blue,Bella,Taurus,52.90695760399784
807,91.62556442857803,52,Two Year,No,Blue,Buddy,Taurus,39.49154651200675
808,66.23657563641956,17,Two Year,No,Green,Max,Taurus,44.718324288400794
809,72.49986225096917,32,Two Year,No,Blue,Max,Cancer,51.236193228879216
810,42.68080285212881,32,One Year,No,Blue,Max,Taurus,44.66098467723449
811,89.73084031382453,28,One Year,No,Red,Charlie,Cancer,77.96968309269846
812,63.616058812285075,29,Month-to-Month,No,Green,Buddy,Aries,59.33814313319759
813,53.68962274332028,25,Two Year,No,Green,Max,Aries,21.546171820163256
814,62.7425396182654,47,Two Year,Yes,Red,Max,Gemini,38.133458508984276
815,76.26504651742212,22,Month-to-Month,No,Yellow,Charlie,Gemini,76.77265957076246
816,75.60383005594161,27,One Year,No,Red,Charlie,Cancer,44.07444186294286
817,48.60616807662502,44,Two Year,Yes,Red,Bella,Taurus,93.61134173592392
818,50.82066240850084,38,Two Year,No,Yellow,Bella,Taurus,77.01312379579365
819,64.97905542707417,20,Two Year,Yes,Blue,Buddy,Aries,43.19415807037131
820,93.95256965735904,45,One Year,No,Green,Bella,Cancer,61.31278769387553
821,79.63442135727803,50,One Year,Yes,Green,Buddy,Taurus,73.37912241441359
822,51.23319882924453,24,Two Year,No,Yellow,Bella,Taurus,35.469269226967626
823,46.962610124140895,47,Two Year,No,Green,Max,Cancer,39.69499743094899
824,61.89093393098516,47,Month-to-Month,No,Yellow,Bella,Gemini,60.56989966898052
825,89.59930951316758,8,Month-to-Month,No,Blue,Max,Cancer,93.99157779922336
826,20.694339327670015,51,One Year,No,Yellow,Buddy,Cancer,47.52082934860922
827,76.83888546316513,55,Month-to-Month,No,Green,Bella,Taurus,52.170426248056515
828,43.56098043502136,14,Two Year,No,Green,Bella,Aries,35.249616854521086
829,36.67179841729359,39,One Year,No,Yellow,Bella,Taurus,67.45669562184875
830,20.97103974534071,14,Month-to-Month,Yes,Green,Max,Taurus,79.21205978007987
831,91.72724965003816,5,One Year,Yes,Yellow,Max,Taurus,55.25138130476964
832,92.97987760051525,47,Two Year,No,Green,Bella,Cancer,80.01995037278547
833,24.913395331505612,21,Month-to-Month,No,Red,Buddy,Cancer,44.20837786943659
834,61.745225844108845,15,Month-to-Month,Yes,Blue,Max,Taurus,76.5587534422801
835,32.20595669388879,56,Month-to-Month,Yes,Green,Charlie,Taurus,40.66756265363633
836,80.69500437186193,36,Two Year,No,Green,Buddy,Aries,82.45196334172562
837,73.23131774129175,33,One Year,No,Green,Buddy,Gemini,86.45132626393676
838,43.770465036411544,17,Month-to-Month,No,Yellow,Buddy,Taurus,83.8178934687831
839,29.35682248322923,57,One Year,No,Green,Max,Cancer,37.237808468050076
840,86.49765302459109,20,One Year,Yes,Yellow,Bella,Gemini,75.5399550315151
841,73.94019834278808,1,One Year,No,Green,Bella,Gemini,63.083230990107936
842,20.545595600204223,16,Two Year,No,Red,Charlie,Aries,98.88295919912382
843,70.22974247488843,45,Two Year,No,Red,Bella,Gemini,48.92614567832513
844,84.82368221570768,18,Month-to-Month,No,Blue,Charlie,Taurus,81.70010822712325
845,67.26144476611863,10,Month-to-Month,No,Yellow,Charlie,Taurus,49.60624936458536
846,53.97709413413757,23,One Year,No,Blue,Bella,Cancer,51.74859793232336
847,66.71347028338519,18,One Year,No,Green,Charlie,Taurus,28.87937475240779
848,69.57696453978778,49,One Year,No,Green,Buddy,Taurus,39.172894866095305
849,71.20276991537047,58,Two Year,No,Red,Buddy,Aries,33.15874292578695
850,97.36360431234908,9,Two Year,No,Blue,Buddy,Gemini,32.73604488351417
851,34.291823004668665,46,Month-to-Month,No,Green,Max,Aries,20.72132221214849
852,69.84745018511246,53,One Year,No,Green,Charlie,Gemini,83.502461557821
853,35.03946557037476,30,One Year,No,Yellow,Charlie,Aries,57.434497435174464
854,36.79653761992094,13,Two Year,No,Green,Buddy,Cancer,84.33340543686063
855,73.54063069658935,52,Month-to-Month,Yes,Blue,Max,Aries,69.00403273590439
856,93.27632679775863,52,One Year,Yes,Red,Bella,Aries,86.50701299844076
857,32.72353976793933,31,One Year,Yes,Red,Buddy,Cancer,60.30120025899529
858,96.99724270051408,46,Month-to-Month,No,Green,Max,Taurus,27.52328169110676
859,45.54978608129832,43,One Year,Yes,Green,Bella,Taurus,69.34109145871525
860,51.30512347654401,13,Two Year,No,Green,Max,Cancer,74.2211889810192
861,32.294465915107004,32,Month-to-Month,No,Yellow,Bella,Cancer,70.12033346408441
862,69.26688846813204,17,One Year,No,Green,Charlie,Aries,84.10690521812639
863,67.71363956991738,3,One Year,Yes,Green,Charlie,Cancer,78.51993952049706
864,55.38157944821194,1,Two Year,No,Yellow,Max,Cancer,54.61059593590953
865,58.08731119074687,53,Two Year,Yes,Blue,Max,Gemini,85.52829243641948
866,69.83807006295126,5,Two Year,Yes,Yellow,Bella,Gemini,75.34292337141503
867,66.67972279714867,32,One Year,No,Red,Max,Taurus,29.629339081200882
868,49.941070531872924,25,One Year,No,Yellow,Max,Cancer,63.18983323598558
869,90.72915082398933,45,One Year,Yes,Yellow,Bella,Aries,78.28446449839507
870,73.41284185018849,56,Month-to-Month,No,Blue,Bella,Taurus,64.26305613746243
871,36.4325064479847,5,Two Year,No,Blue,Charlie,Taurus,95.9222920761278
872,45.59223948045819,37,Month-to-Month,No,Green,Buddy,Taurus,28.119301456701564
873,83.03024813626028,23,Two Year,No,Yellow,Max,Cancer,77.7857354303062
874,28.362030481607956,12,One Year,No,Blue,Bella,Cancer,85.95606491436004
875,80.01855989794376,34,Month-to-Month,No,Red,Charlie,Aries,76.21225559241378
876,48.70739529166363,23,Month-to-Month,No,Green,Buddy,Aries,50.84680040515251
877,64.13528368867485,16,Two Year,No,Yellow,Max,Taurus,50.838425056266075
878,42.44464937382717,49,Month-to-Month,Yes,Red,Charlie,Cancer,66.92540040600102
879,98.91652574563422,5,Month-to-Month,No,Blue,Buddy,Aries,51.76784290836213
880,92.46722337138434,44,One Year,No,Green,Max,Gemini,90.65463978926647
881,94.27598695554013,47,Two Year,No,Red,Charlie,Gemini,28.79444946355603
882,34.78204143820133,28,Month-to-Month,No,Yellow,Max,Taurus,71.1325878378202
883,87.33520767694121,6,One Year,No,Red,Buddy,Gemini,30.72919686189102
884,62.831768081927216,13,Month-to-Month,Yes,Green,Bella,Taurus,63.212784199923334
885,76.62873602189109,43,One Year,No,Yellow,Charlie,Cancer,77.2464961928556
886,37.400325339235714,30,Month-to-Month,No,Yellow,Buddy,Taurus,33.240873324819916
887,76.95877167833729,26,One Year,Yes,Red,Max,Taurus,76.32265771917227
888,93.1413795657837,17,One Year,Yes,Green,Buddy,Cancer,31.198402496887276
889,41.398510867903994,9,Two Year,No,Yellow,Buddy,Aries,69.64429965033112
890,38.668788123960525,57,One Year,Yes,Green,Bella,Aries,60.444242345830844
891,28.35316387787822,16,Month-to-Month,No,Blue,Charlie,Aries,43.84599630474093
892,41.344534024932884,49,One Year,No,Red,Buddy,Aries,28.9238984684242
893,62.863380945249,52,One Year,Yes,Green,Bella,Taurus,78.86833116807333
894,86.61730331500483,56,Month-to-Month,No,Blue,Bella,Aries,50.544410670160474
895,42.30402101261116,18,Month-to-Month,Yes,Blue,Bella,Gemini,26.922462181854108
896,69.69155112554508,13,One Year,No,Green,Max,Gemini,81.82314706181863
897,58.36725593384319,29,Month-to-Month,No,Green,Bella,Aries,38.631574678705654
898,43.08632324942173,43,One Year,No,Red,Bella,Gemini,78.91616429644164
899,60.82872649557178,45,One Year,No,Red,Bella,Gemini,65.19189487525892
900,33.436991711670174,24,One Year,No,Yellow,Bella,Cancer,35.5623209263241
901,71.16620478788145,58,Month-to-Month,No,Red,Charlie,Cancer,26.11245817398336
902,29.253017694708056,45,Two Year,No,Green,Charlie,Aries,67.45992123221006
903,78.47844201145824,44,Two Year,No,Yellow,Bella,Taurus,22.016946579154304
904,34.21701427084058,46,One Year,No,Blue,Buddy,Taurus,25.237158789129026
905,99.85273226534974,13,One Year,No,Blue,Max,Cancer,76.17752655733605
906,85.89380758083296,25,Month-to-Month,No,Green,Buddy,Cancer,63.10990731210425
907,47.507224308777786,41,Two Year,No,Yellow,Buddy,Taurus,46.10362125235015
908,54.096381783144984,46,Two Year,No,Yellow,Bella,Aries,63.13823541347389
909,40.735281688615075,1,Two Year,No,Red,Buddy,Taurus,67.33194620199356
910,81.36916489439994,9,Month-to-Month,No,Blue,Charlie,Taurus,65.22286929955732
911,50.458157596621916,4,Month-to-Month,No,Blue,Charlie,Gemini,71.40432092123925
912,80.41484078556286,28,Month-to-Month,No,Red,Max,Taurus,95.22304801522938
913,21.472124374414445,12,One Year,No,Blue,Charlie,Cancer,51.10220160672203
914,30.849676760367657,24,Month-to-Month,Yes,Red,Charlie,Aries,44.09211307660609
915,49.197946776205484,46,One Year,No,Blue,Bella,Taurus,23.074792882413576
916,28.712682671567418,9,One Year,No,Blue,Charlie,Gemini,31.76584454854135
917,68.09023938369927,35,One Year,No,Blue,Buddy,Cancer,28.499985270491415
918,24.066567882729863,38,One Year,No,Red,Buddy,Cancer,46.83553494979698
919,88.78103956714745,35,Month-to-Month,Yes,Blue,Charlie,Gemini,68.79925830520443
920,80.9046399004786,33,Month-to-Month,No,Blue,Max,Cancer,23.706711290766673
921,37.300518338236195,58,Two Year,Yes,Yellow,Max,Gemini,78.21320035637478
922,58.703352490377426,54,Two Year,Yes,Blue,Max,Cancer,51.79463599821914
923,56.14504627287364,53,One Year,No,Green,Charlie,Cancer,97.08036126307637
924,77.98916922723022,35,Two Year,Yes,Blue,Max,Cancer,65.47079801535509
925,52.120712037960715,46,Two Year,No,Blue,Charlie,Cancer,81.7089849910791
926,22.63482382638766,20,Two Year,No,Yellow,Buddy,Gemini,88.89449858376264
927,41.89886870798709,2,One Year,Yes,Yellow,Max,Taurus,91.10770410604219
928,57.29566441896337,44,Two Year,Yes,Red,Max,Cancer,61.47693997438458
929,97.95937729285112,26,Month-to-Month,No,Red,Max,Gemini,51.73940467448649
930,90.49269335634763,42,One Year,Yes,Green,Buddy,Gemini,64.84119917507516
931,34.51249152017524,13,Month-to-Month,No,Yellow,Charlie,Gemini,52.16563212939423
932,77.86207523926169,30,One Year,No,Red,Buddy,Taurus,39.25719754265933
933,94.946037841183,52,Month-to-Month,Yes,Red,Buddy,Aries,45.9135861733334
934,20.703409042820688,32,Two Year,No,Red,Bella,Gemini,38.62158849908791
935,77.67565389366608,36,One Year,No,Yellow,Max,Gemini,41.555010447588934
936,56.74667964889259,19,Month-to-Month,No,Yellow,Charlie,Gemini,27.48861897885763
937,74.4188957026489,22,One Year,No,Green,Charlie,Taurus,54.11701765791237
938,68.44714188574322,1,Month-to-Month,No,Yellow,Bella,Cancer,38.822712528257895
939,98.77323955645612,57,Two Year,No,Yellow,Bella,Taurus,55.869324191558086
940,43.10523250382943,11,One Year,No,Yellow,Buddy,Gemini,83.37585873410346
941,82.89143854954119,26,One Year,No,Green,Bella,Aries,55.86498825945418
942,38.77119106504489,48,Month-to-Month,No,Blue,Charlie,Gemini,96.36894965677723
943,54.84863820401383,19,Month-to-Month,Yes,Blue,Charlie,Cancer,31.826951562241668
944,98.03046991739295,19,Two Year,No,Red,Charlie,Aries,88.02119926702997
945,81.2909036811322,12,Month-to-Month,No,Blue,Buddy,Aries,39.860649125839
946,45.26570050268472,3,Month-to-Month,Yes,Blue,Max,Taurus,94.71467606839794
947,69.54954264735599,55,Month-to-Month,No,Green,Max,Taurus,38.171834115892366
948,23.975366680222,56,Two Year,No,Green,Buddy,Cancer,79.75694287718444
949,41.31159332967758,18,Two Year,No,Blue,Charlie,Taurus,24.969432068797612
950,77.47123916828916,49,One Year,No,Blue,Charlie,Cancer,70.38507497281421
951,65.60748556706599,5,Two Year,No,Blue,Buddy,Aries,37.49393743327526
952,57.573828238141786,48,Month-to-Month,Yes,Red,Buddy,Aries,73.61380333185889
953,75.27008480127705,24,One Year,No,Green,Bella,Aries,70.86634700998775
954,51.87671126558608,14,Two Year,Yes,Blue,Buddy,Cancer,93.89567037281297
955,22.092491562593047,51,Two Year,No,Yellow,Max,Taurus,70.13411444963586
956,55.28212988124538,38,Month-to-Month,No,Blue,Buddy,Taurus,52.65990493199262
957,92.17033538346092,3,Month-to-Month,No,Yellow,Charlie,Taurus,35.48542438793625
958,88.5292102651297,6,Two Year,No,Red,Charlie,Gemini,72.59608068353117
959,52.71977483276103,12,One Year,No,Yellow,Charlie,Aries,29.309328313826597
960,21.777715260830615,52,Month-to-Month,Yes,Green,Max,Aries,86.28134615374142
961,70.90458180962526,11,Two Year,Yes,Red,Max,Gemini,39.78676375510909
962,79.29555422262916,39,Two Year,No,Red,Bella,Aries,61.932711859898376
963,43.53948608674199,59,Month-to-Month,No,Blue,Buddy,Aries,67.67578434635163
964,58.13311996956594,26,One Year,No,Red,Bella,Gemini,48.99919923179895
965,99.34854361981667,1,One Year,No,Red,Buddy,Aries,73.10990220577972
966,66.1074410385279,16,One Year,No,Yellow,Buddy,Taurus,40.017356711370404
967,48.08599245292533,48,Month-to-Month,No,Blue,Max,Gemini,22.769965902127637
968,70.19911013121065,49,Month-to-Month,No,Green,Charlie,Aries,96.7414188907949
969,34.40178454912676,47,Month-to-Month,No,Blue,Buddy,Taurus,45.603666507452004
970,35.9401898619664,53,One Year,No,Green,Max,Cancer,77.07697877283734
971,93.99397717712135,9,One Year,No,Yellow,Bella,Aries,60.60268855363046
972,39.13600329354645,5,Month-to-Month,No,Red,Charlie,Gemini,73.51989416904033
973,44.863150337259526,52,Month-to-Month,No,Red,Bella,Taurus,28.87492180125422
974,63.50217935758031,8,Month-to-Month,No,Blue,Bella,Cancer,61.50783000928793
975,91.9754096222085,21,One Year,No,Blue,Max,Cancer,51.37756428097763
976,82.51591117752115,33,Two Year,No,Blue,Charlie,Aries,56.14796534669661
977,23.502713653589993,39,Two Year,No,Red,Buddy,Cancer,97.29666663553891
978,75.44237351186953,43,One Year,No,Red,Bella,Gemini,30.90311238695138
979,60.32491861471943,20,Month-to-Month,No,Yellow,Buddy,Cancer,80.37601411291186
980,58.04422736019045,58,Month-to-Month,No,Green,Charlie,Aries,46.42742353386251
981,75.32466934604345,53,Month-to-Month,No,Blue,Max,Cancer,43.22863900990099
982,35.698563697523525,45,Month-to-Month,No,Red,Max,Aries,41.66219167194122
983,98.51909309293758,22,One Year,No,Green,Max,Cancer,47.902524257831274
984,71.62452242179592,13,Two Year,No,Blue,Buddy,Taurus,48.56936476748849
985,49.25249396894849,39,Two Year,No,Blue,Buddy,Aries,41.65976041455771
986,68.0161766456129,11,One Year,No,Green,Charlie,Gemini,73.39945182187807
987,37.317669063169625,18,Month-to-Month,No,Green,Buddy,Gemini,23.81775869601995
988,70.70734918839649,30,Two Year,Yes,Green,Max,Cancer,46.583504464470735
989,22.257371259023788,33,One Year,No,Red,Bella,Taurus,42.41644854688555
990,47.294552912669296,44,Month-to-Month,No,Yellow,Bella,Cancer,80.1134416439896
991,79.80135173980051,3,Two Year,No,Blue,Bella,Cancer,31.71988352156424
992,84.63822792913119,58,One Year,No,Blue,Max,Taurus,95.25497136777862
993,40.23355306511745,60,Two Year,No,Green,Buddy,Aries,33.641488963612396
994,63.15275690239892,1,Two Year,No,Red,Bella,Gemini,49.602189125084095
995,62.27943117512944,36,One Year,Yes,Green,Buddy,Taurus,35.976015475129806
996,53.71648371014244,6,One Year,Yes,Red,Buddy,Cancer,42.93583547776724
997,38.27463862023828,37,Two Year,No,Yellow,Max,Aries,80.88197605344999
998,76.25825865830183,29,Two Year,Yes,Blue,Buddy,Cancer,58.1123774990688
999,40.18893453964157,11,One Year,No,Blue,Buddy,Aries,33.00605738482
1000,92.88205897252925,52,Month-to-Month,No,Red,Max,Gemini,23.730790291565896
