MonthlyCharges,TenureMonths,Gender,LastInteraction,ContractType,FavoriteColor,CustomerID
77.45071229516849,60.0,F,2014-05-11,Month-to-Month,Red,855
67.92603548243223,38.0,FEMALE,2012-04-12,Month-to-Month,Green,16
79.71532807151038,15.0,Female,2014-12-16,Two Year,Red,333
92.84544784612038,34.0,MALE,2012-07-02,One Year,Blue,195
66.48769937914996,35.0,F,2015-07-05,One Year,Yellow,496
66.4879456457623,49.0,FEMALE,2013-12-13,Month-to-Month,Green,9
93.68819223261087,25.0,MALE,2013-12-21,Month-to-Month,Yellow,828
81.51152093729362,24.0,M,2014-02-11,Invalid,Yellow,334
62.95788421097572,12.0,M,2010-05-06,Two Year,Green,333
78.13840065378947,18.0,F,2012-03-27,Two Year,Green,327
63.04873460781307,15.0,FEMALE,2015-01-04,Month-to-Month,Blue,15
63.01405369644615,44.0,FEMALE,2011-07-30,Invalid,Red,839
73.62943407349051,16.0,MALE,2013-11-16,Invalid,Red,614
41.30079633013303,27.0,MALE,2012-07-18,One Year,Yellow,226
44.12623251230451,8.0,FEMALE,2014-01-03,One Year,Green,425
61.56568706138541,60.0,MALE,2012-04-12,Invalid,Blue,790
54.80753319498364,46.0,FEMALE,2012-11-20,One Year,Blue,408
74.71370998892911,25.0,Female,2014-07-07,Month-to-Month,Blue,113
56.37963886718184,17.0,FEMALE,2015-03-16,Invalid,Blue,428
48.81544447997062,29.0,M,2013-12-28,One Year,Blue,1
91.98473153382331,53.0,MALE,2013-10-31,Two Year,Red,266
66.61335549270197,8.0,FEMALE,2011-03-19,Invalid,Red,491
71.01292307031886,15.0,FEMALE,2015-10-24,Invalid,Red,208
48.62877720679815,27.0,MALE,2011-07-11,Two Year,Green,622
61.834259132122256,46.0,Female,2013-03-24,Month-to-Month,Yellow,712
71.66383884564799,50.0,Female,2015-07-31,Two Year,Blue,369
52.73509633866546,52.0,MALE,2010-12-29,Invalid,Green,306
75.63547027518509,7.0,Male,2013-06-11,Month-to-Month,Blue,12
60.99041965121793,3.0,MALE,2015-01-16,One Year,Red,345
65.62459375310085,29.0,MALE,2015-01-25,One Year,Green,465
60.97440081655905,44.0,Female,2015-12-13,One Year,Red,700
97.78417276763406,53.0,Female,2012-06-29,Invalid,Blue,666
69.79754162893099,24.0,MALE,2010-09-02,Two Year,Blue,494
54.13433606566149,60.0,MALE,2011-06-26,Month-to-Month,Yellow,368
82.33817368154783,58.0,MALE,2015-12-10,One Year,Blue,846
51.68734525043467,3.0,Female,2015-12-13,Month-to-Month,Red,420
73.13295392507133,20.0,MALE,2014-04-22,Invalid,Blue,889
40.60494814180336,46.0,MALE,2010-05-04,One Year,Yellow,791
50.07720926652354,15.0,F,2014-09-28,Invalid,Yellow,171
72.95291853803685,25.0,Male,2012-02-25,Two Year,Red,134
81.07699869993115,30.0,M,2015-08-06,Invalid,Green,427
72.57052421784955,14.0,Male,2012-03-07,Invalid,Blue,25
68.2652757641764,7.0,F,2010-03-18,Two Year,Yellow,530
65.48344456616067,17.0,M,2010-02-28,Month-to-Month,Blue,190
47.82217014448859,44.0,MALE,2014-03-04,Two Year,Blue,141
59.20233687407937,20.0,F,2015-04-21,Two Year,Green,555
63.09041843560319,36.0,MALE,2015-11-27,Invalid,Yellow,846
85.85683339328374,9.0,Female,2013-07-25,Month-to-Month,Blue,796
75.15427434352692,38.0,FEMALE,2010-03-09,One Year,Yellow,658
43.554397669558995,48.0,F,2015-04-17,Two Year,Red,315
74.86125954092192,57.0,Female,2010-12-31,Month-to-Month,Red,444
64.22376579375525,60.0,F,2012-03-31,Two Year,Blue,319
59.84616999541062,22.0,F,2013-11-03,Two Year,Yellow,441
79.17514433261302,54.0,Female,2012-08-04,Two Year,Blue,92
85.46499283743927,53.0,M,2014-04-27,Two Year,Yellow,179
83.96920178674299,53.0,Male,2013-10-09,Invalid,Yellow,56
57.41173715166042,2.0,MALE,2013-12-10,Month-to-Month,Green,155
65.36181436223178,24.0,F,2012-02-01,Month-to-Month,Green,672
74.96895147105346,8.0,MALE,2010-12-07,Month-to-Month,Green,111
84.63317690683539,11.0,FEMALE,2011-01-18,Two Year,Blue,137
62.81238643232065,13.0,Female,2012-09-30,Invalid,Green,232
67.21511535004274,17.0,MALE,2014-04-06,Two Year,Green,468
53.40497538990958,8.0,Female,2010-10-27,Two Year,Red,732
52.05690063878994,21.0,MALE,2010-05-19,Month-to-Month,Yellow,481
82.18788733591298,18.0,Male,2010-12-25,Two Year,Yellow,68
90.34360042856234,30.0,Male,2012-04-15,One Year,Green,814
68.91984817629499,18.0,Male,2014-03-03,Two Year,Yellow,249
85.05299346838036,46.0,Male,2014-06-16,One Year,Red,323
75.42454037571451,47.0,Male,2015-06-06,Two Year,Red,518
60.323203680923136,31.0,Male,2013-07-27,Invalid,Green,792
75.4209340826262,38.0,Female,2012-06-27,Invalid,Red,432
93.07054849698955,32.0,F,2013-02-08,Month-to-Month,Yellow,487
69.46260941335073,11.0,MALE,2015-12-27,Two Year,Blue,606
93.4696548372101,45.0,Male,2012-09-22,One Year,Yellow,429
30.703823438653835,25.0,Female,2015-11-22,One Year,Blue,269
82.32853756562835,33.0,Female,2013-05-22,Two Year,Green,709
71.30570602357257,60.0,Female,2014-11-20,One Year,Blue,537
65.51488974301199,38.0,F,2010-06-14,Invalid,Red,148
71.37641164803253,41.0,MALE,2012-09-25,One Year,Yellow,118
40.18646628098661,8.0,F,2013-07-31,Month-to-Month,Blue,850
66.70492168243732,11.0,M,2011-10-19,Invalid,Yellow,367
75.35668857267619,22.0,Female,2015-03-25,Invalid,Green,850
92.16841067112274,51.0,M,2015-08-09,Invalid,Green,66
62.22594672589529,24.0,FEMALE,2015-10-13,Two Year,Red,813
57.87259595660218,41.0,Male,2013-02-14,Two Year,Green,370
62.47364434623195,17.0,Male,2015-03-05,Invalid,Blue,175
83.73103176553111,12.0,F,2010-09-24,Two Year,Green,831
74.93126664489526,57.0,MALE,2015-01-20,One Year,Red,588
62.05359694349442,46.0,M,2014-09-05,Two Year,Yellow,495
77.69901149670034,32.0,MALE,2014-02-19,Two Year,Yellow,114
71.4561632402206,15.0,F,2011-04-21,Invalid,Green,111
84.52967485799334,16.0,Male,2012-09-03,Month-to-Month,Blue,761
59.469203591839715,54.0,MALE,2013-04-22,Month-to-Month,Red,439
65.08506780103347,22.0,MALE,2012-11-09,Month-to-Month,Blue,715
64.11837770301764,28.0,Male,2015-05-15,One Year,Red,147
48.04727577801822,20.0,M,2011-07-12,Two Year,Green,35
74.44180415596864,33.0,Male,2012-10-14,Month-to-Month,Red,309
73.91582908269834,10.0,MALE,2014-05-25,Invalid,Red,538
70.07670184963692,40.0,M,2012-06-01,Month-to-Month,Green,750
66.4811929993728,32.0,M,2011-10-28,Month-to-Month,Blue,14
48.769438869243785,50.0,Male,2014-11-07,Two Year,Green,374
63.69032015851961,60.0,MALE,2012-05-13,Two Year,Red,557
64.85928225209845,33.0,F,2011-08-05,Two Year,Green,428
57.96584096167572,2.0,MALE,2011-11-26,One Year,Red,728
67.58071432500986,33.0,Female,2013-06-05,One Year,Green,233
76.06076285221808,33.0,FEMALE,2014-05-30,Month-to-Month,Yellow,705
98.29278851815795,41.0,F,2013-05-24,Two Year,Yellow,563
72.61866719247759,13.0,M,2011-02-03,Month-to-Month,Green,887
73.86325586084146,30.0,F,2015-05-01,Invalid,Blue,726
68.8833112635075,33.0,M,2011-12-16,Invalid,Red,663
41.21843177051438,13.0,M,2011-12-05,Two Year,Yellow,440
69.60229186826174,52.0,F,2014-09-11,Two Year,Blue,502
70.90345314911539,26.0,M,2015-05-27,Invalid,Red,275
106.94863168727929,22.0,M,2010-03-23,Two Year,Yellow,850
67.11458552828316,39.0,Female,2011-08-27,One Year,Yellow,76
74.52321013500419,2.0,MALE,2015-05-25,One Year,Green,439
69.47932345442135,38.0,MALE,2014-09-07,Two Year,Red,732
52.46982943570702,39.0,FEMALE,2015-08-09,Invalid,Blue,860
87.14234221772531,26.0,FEMALE,2012-06-21,Month-to-Month,Blue,699
81.27899549030161,46.0,Female,2010-12-31,Two Year,Blue,289
81.8654792056457,58.0,FEMALE,2010-06-12,Two Year,Red,540
56.35918817807892,50.0,F,2015-02-07,Month-to-Month,Blue,891
91.04191466404149,15.0,Male,2010-04-26,Two Year,Blue,692
48.97223405811579,34.0,Male,2012-05-30,Month-to-Month,Blue,253
78.80285640700406,42.0,Male,2012-04-19,Invalid,Green,126
102.85683438714968,55.0,Female,2013-09-08,One Year,Green,177
55.14195512303968,44.0,Female,2012-11-02,Invalid,Red,37
61.50553405595842,49.0,M,2012-07-31,One Year,Red,410
71.49477047631461,40.0,Male,2014-09-21,Month-to-Month,Blue,611
62.44786518825701,11.0,F,2013-02-11,One Year,Green,610
46.74004853400801,3.0,FEMALE,2010-01-22,Invalid,Yellow,127
71.0284446220904,59.0,F,2014-10-16,One Year,Yellow,483
54.06544429410843,6.0,FEMALE,2011-11-14,Month-to-Month,Blue,168
77.10388645952773,9.0,Male,2015-01-08,One Year,Blue,592
56.20863648649295,6.0,Male,2010-05-06,Two Year,Green,294
93.24901607526309,9.0,Male,2010-10-04,Invalid,Green,845
58.251200614956446,39.0,Female,2015-06-23,Two Year,Green,638
65.16907725691486,31.0,FEMALE,2013-05-12,Month-to-Month,Red,343
82.20275826054504,32.0,Female,2011-11-27,One Year,Red,310
51.53703525349067,41.0,Female,2013-08-02,Two Year,Blue,662
73.41189901906193,50.0,MALE,2010-02-26,Two Year,Red,528
89.60714131423643,12.0,F,2010-01-19,One Year,Green,540
45.88775148158159,8.0,F,2010-04-23,One Year,Green,419
72.76950787798457,8.0,M,2011-06-26,Invalid,Red,444
73.89824191372635,50.0,Female,2011-08-02,Two Year,Yellow,685
81.72734307665965,28.0,FEMALE,2012-12-24,Two Year,Blue,558
51.44573933682877,20.0,MALE,2010-01-25,Month-to-Month,Yellow,840
50.193150803735854,47.0,MALE,2014-04-22,Invalid,Blue,236
77.82912348425347,59.0,F,2015-08-11,Month-to-Month,Yellow,439
74.45477009849779,7.0,Female,2014-04-22,Two Year,Red,214
73.75739275518815,11.0,M,2010-05-21,Month-to-Month,Blue,85
75.19672314245463,20.0,Female,2014-11-03,Two Year,Blue,794
59.79962917632264,16.0,Male,2011-10-10,Two Year,Blue,744
73.48380545741506,4.0,Female,2010-07-20,Month-to-Month,Green,85
74.39608709948021,6.0,Male,2010-09-14,Month-to-Month,Green,489
59.28472872960448,58.0,Male,2011-07-01,One Year,Yellow,65
97.98661766717134,22.0,M,2012-03-12,One Year,Red,646
77.10749381367681,26.0,FEMALE,2012-07-30,One Year,Green,663
52.13044754196027,3.0,F,2011-02-18,Two Year,Blue,627
79.84830412950744,41.0,Female,2015-07-08,Month-to-Month,Green,64
55.379774946590175,60.0,Male,2013-10-13,Invalid,Red,343
81.80626905613678,42.0,Female,2013-01-03,Two Year,Green,875
87.37893368511106,14.0,FEMALE,2012-06-28,Invalid,Blue,352
57.68976522472434,11.0,F,2010-07-07,Month-to-Month,Yellow,158
84.45064193866483,18.0,FEMALE,2015-07-09,Two Year,Blue,589
76.19171390404748,54.0,F,2013-08-06,Invalid,Red,491
82.33090239991735,12.0,MALE,2015-09-24,Invalid,Yellow,658
98.4518947398092,23.0,F,2015-11-01,One Year,Green,855
66.31917825995694,12.0,M,2013-02-20,One Year,Green,463
58.693957534637654,13.0,FEMALE,2010-12-24,One Year,Green,225
56.65728355561715,25.0,Male,2014-04-01,Two Year,Yellow,313
57.762845725518424,45.0,MALE,2012-12-25,Month-to-Month,Blue,615
68.84347435878844,51.0,M,2014-08-08,Month-to-Month,Yellow,859
75.11727962224965,58.0,Female,2010-06-11,One Year,Yellow,813
74.15036198995028,19.0,FEMALE,2011-03-26,One Year,Red,466
82.40774873554035,55.0,Male,2014-02-06,One Year,Yellow,88
70.1950283781686,46.0,F,2012-11-02,Invalid,Green,883
91.80301115735975,36.0,Male,2015-11-29,One Year,Blue,303
66.03014750143066,45.0,Female,2015-05-05,Invalid,Blue,680
110.80253749884429,8.0,MALE,2013-08-06,Month-to-Month,Blue,435
79.3850102164751,29.0,MALE,2013-05-23,Two Year,Green,682
57.14263665375576,55.0,FEMALE,2012-08-31,Two Year,Green,135
53.93661252908332,53.0,MALE,2011-09-24,Two Year,Green,50
77.23708622864778,55.0,FEMALE,2014-05-10,Two Year,Green,432
66.64805822011223,32.0,FEMALE,2012-11-16,Invalid,Green,340
80.71000741138138,51.0,FEMALE,2014-05-08,Invalid,Yellow,347
77.09856436860318,44.0,F,2014-08-21,One Year,Green,646
68.9075663101469,18.0,M,2011-03-13,Invalid,Green,347
57.29809422897392,6.0,FEMALE,2014-04-06,One Year,Green,649
47.27729162971203,18.0,FEMALE,2012-12-12,One Year,Green,245
63.302275718994686,19.0,M,2013-07-28,Two Year,Blue,109
82.84598191485209,22.0,Male,2015-09-10,Invalid,Green,825
73.21140616195306,37.0,FEMALE,2010-07-02,Invalid,Yellow,799
51.31391831932018,32.0,F,2014-01-09,One Year,Yellow,533
72.59771388776772,56.0,MALE,2014-01-19,One Year,Yellow,90
75.77976069593255,41.0,MALE,2014-05-09,Month-to-Month,Red,296
56.74213845698301,59.0,Female,2014-05-07,Month-to-Month,Blue,112
72.30587658918292,3.0,Female,2011-10-22,One Year,Green,813
70.87313077669,28.0,MALE,2010-06-09,Month-to-Month,Red,589
52.85544553254066,10.0,MALE,2012-10-08,Month-to-Month,Green,177
75.36681040522424,51.0,F,2010-02-22,One Year,Red,343
78.41176789552351,35.0,M,2012-11-11,One Year,Red,660
86.24576864762915,29.0,Female,2012-11-19,Invalid,Yellow,101
85.80703078052355,54.0,M,2013-05-13,One Year,Yellow,758
49.33495948064363,15.0,F,2014-02-03,One Year,Red,629
55.93262440127316,33.0,MALE,2014-01-29,Two Year,Yellow,604
77.7255290081299,7.0,FEMALE,2012-11-01,Invalid,Red,401
77.70678926368313,12.0,M,2015-05-05,Invalid,Blue,28
77.72571529459071,49.0,MALE,2012-04-29,Invalid,Yellow,537
127.79097235982081,30.0,MALE,2010-12-20,Two Year,Yellow,58
78.5633576603975,21.0,Male,2013-01-03,One Year,Yellow,498
87.03348460270898,31.0,M,2014-10-06,Invalid,Blue,297
84.31002645239803,58.0,FEMALE,2014-01-04,Invalid,Red,134
79.77086876958697,24.0,M,2012-09-17,Month-to-Month,Green,331
65.27096133039481,20.0,MALE,2013-06-18,Invalid,Yellow,249
81.38453830739901,37.0,FEMALE,2015-02-28,One Year,Red,550
58.40762178193643,4.0,F,2014-12-15,One Year,Blue,75
66.44772089889986,28.0,Male,2013-01-16,Month-to-Month,Green,654
62.71954678256345,44.0,MALE,2012-03-28,Invalid,Yellow,834
71.22811209079484,20.0,Female,2014-12-05,Invalid,Blue,168
104.71987850010262,60.0,Female,2015-05-15,Invalid,Blue,771
41.99102211112378,24.0,Male,2012-06-07,Two Year,Green,503
80.2939028556177,50.0,F,2015-01-30,Invalid,Red,885
45.80926193215522,49.0,MALE,2013-03-26,One Year,Yellow,355
62.9210220131585,51.0,M,2011-10-30,One Year,Yellow,225
86.33425895451049,32.0,Male,2011-09-25,Two Year,Red,664
70.96420028643195,41.0,F,2014-07-01,Two Year,Red,531
53.83382833106041,36.0,M,2010-05-17,Invalid,Red,146
59.27044436110047,58.0,Female,2015-05-01,Month-to-Month,Green,241
80.19396623402014,53.0,Female,2014-08-25,Two Year,Green,884
59.04450052424295,34.0,M,2011-03-04,Two Year,Yellow,893
73.24687884372962,36.0,Male,2014-01-15,Invalid,Green,344
70.6835775985572,2.0,Female,2012-03-29,Invalid,Blue,749
60.22599478591275,15.0,MALE,2015-12-29,Two Year,Yellow,35
102.15916133987989,34.0,FEMALE,2013-01-11,Month-to-Month,Green,702
79.50878533477017,36.0,M,2010-07-17,Two Year,Red,1
39.622861200135894,6.0,M,2015-06-19,Invalid,Blue,153
72.79681472154141,39.0,Female,2011-04-16,Invalid,Red,429
60.07320302847418,42.0,Male,2015-05-03,Two Year,Yellow,508
82.78650002194335,51.0,MALE,2012-07-17,Month-to-Month,Red,126
58.11218892350949,51.0,Male,2015-07-04,Two Year,Green,491
68.27895337799652,58.0,F,2012-06-24,Two Year,Green,482
77.57480918470685,54.0,F,2010-01-23,Invalid,Yellow,345
82.98632791255181,12.0,FEMALE,2010-08-23,Month-to-Month,Red,738
51.99555389416336,3.0,Female,2013-01-29,One Year,Yellow,221
64.98248146238578,45.0,Female,2012-07-17,Month-to-Month,Red,723
62.87582033258566,18.0,Female,2011-06-07,Two Year,Blue,25
60.200061511394324,40.0,FEMALE,2014-12-14,Two Year,Green,528
96.48181360421646,21.0,F,2011-03-07,Two Year,Yellow,182
76.07472566441433,15.0,Male,2012-03-03,Month-to-Month,Blue,499
51.08674068497432,33.0,FEMALE,2014-06-18,Invalid,Blue,841
83.76792920582164,35.0,FEMALE,2014-10-03,Two Year,Yellow,641
101.8323429551895,26.0,Male,2011-06-17,Two Year,Yellow,42
85.4869789082672,8.0,Female,2014-10-13,Month-to-Month,Blue,481
47.2094505106898,36.0,MALE,2014-08-03,One Year,Red,848
62.73648890700623,48.0,Male,2013-08-09,One Year,Blue,748
89.00366723779933,30.0,F,2012-07-01,Invalid,Yellow,872
59.38495801571829,23.0,M,2013-01-29,Invalid,Blue,439
76.65729142219342,42.0,M,2014-03-06,Two Year,Red,402
81.61951080144006,44.0,FEMALE,2013-08-20,Month-to-Month,Green,546
56.09604292632876,14.0,M,2012-10-20,Two Year,Green,345
69.10711965907299,14.0,MALE,2014-04-26,Invalid,Blue,893
21.38098989896391,2.0,Female,2013-10-10,Month-to-Month,Red,45
54.63418537998565,55.0,F,2014-02-28,Month-to-Month,Green,646
66.2114777291026,37.0,MALE,2014-08-09,Invalid,Blue,21
51.28325227052726,5.0,F,2015-06-21,One Year,Blue,634
94.48616955897452,38.0,F,2010-08-15,One Year,Red,70
48.54787933059051,45.0,Female,2013-06-13,Month-to-Month,Yellow,864
63.39933269954524,41.0,FEMALE,2012-05-22,Two Year,Blue,873
71.96110865929137,54.0,M,2012-06-10,One Year,Yellow,48
91.61909933599173,60.0,Female,2014-01-18,Two Year,Yellow,491
48.46206773230841,47.0,MALE,2012-11-02,One Year,Green,551
87.4474562823244,14.0,FEMALE,2011-02-01,One Year,Yellow,287
70.1534959152938,56.0,MALE,2013-01-28,Two Year,Red,10
55.27737023428074,39.0,FEMALE,2015-09-10,Invalid,Green,542
76.93155211394907,25.0,MALE,2011-10-11,One Year,Green,756
72.98589543360205,20.0,Female,2010-11-25,One Year,Green,274
60.99674684261808,2.0,FEMALE,2014-01-22,Two Year,Blue,600
71.04703127485028,39.0,FEMALE,2012-08-09,Invalid,Blue,756
64.2202960470736,6.0,F,2015-06-29,One Year,Yellow,381
71.70276017876873,17.0,F,2015-07-10,One Year,Green,329
79.9319601178157,59.0,Male,2015-02-22,Invalid,Green,479
93.79025224218029,25.0,MALE,2013-04-11,One Year,Red,15
51.43276751759726,57.0,F,2014-11-08,Invalid,Yellow,516
101.995500619844,28.0,Male,2010-06-11,Invalid,Red,191
40.71868300716247,2.0,F,2014-10-18,Two Year,Yellow,168
67.72322357446625,35.0,MALE,2012-02-15,Month-to-Month,Yellow,521
78.82475809726864,37.0,FEMALE,2015-01-02,Invalid,Blue,621
74.2148780160255,5.0,M,2012-11-17,Two Year,Blue,137
60.659507202691096,1.0,MALE,2012-07-28,Month-to-Month,Red,154
66.87816624464087,40.0,Female,2011-06-24,One Year,Yellow,388
62.604985980117505,12.0,F,2012-04-01,Month-to-Month,Green,209
61.15952864583683,56.0,F,2014-01-01,Invalid,Blue,272
82.74403145531537,36.0,FEMALE,2012-12-24,Invalid,Green,143
75.35523228947571,45.0,Female,2010-12-22,Invalid,Red,611
59.60635607109019,23.0,FEMALE,2010-08-23,Invalid,Blue,889
83.49399813149876,47.0,Female,2014-03-29,Invalid,Blue,820
74.60949281314915,31.0,M,2015-09-28,Two Year,Yellow,69
82.1929317825844,11.0,F,2010-04-28,Invalid,Red,247
79.44443262885419,10.0,F,2015-10-03,Two Year,Yellow,261
57.56507483616892,3.0,M,2014-08-01,One Year,Blue,788
61.597284397045456,54.0,Male,2012-12-03,Invalid,Red,79
81.20940407684893,14.0,FEMALE,2015-10-02,Invalid,Blue,658
79.15555398150197,16.0,M,2011-07-12,Month-to-Month,Red,623
69.68647609053778,10.0,FEMALE,2014-12-21,One Year,Blue,770
71.75991074963173,29.0,MALE,2015-06-29,Invalid,Green,605
89.16497343682637,10.0,F,2011-02-02,Invalid,Green,525
61.12642916746255,12.0,FEMALE,2011-11-06,One Year,Yellow,772
78.20646071755057,30.0,Female,2011-01-22,Two Year,Green,621
66.9671102134916,41.0,FEMALE,2015-11-29,Invalid,Blue,330
66.7347819515917,1.0,MALE,2015-08-27,Month-to-Month,Blue,189
86.48165277980786,5.0,F,2012-06-02,Invalid,Green,95
82.38124523482045,20.0,M,2011-06-25,Month-to-Month,Yellow,617
82.20264454000957,8.0,MALE,2010-06-20,Month-to-Month,Green,8
89.58218210731494,43.0,F,2012-01-10,Invalid,Red,67
70.31505762449139,12.0,FEMALE,2013-11-02,Invalid,Red,496
80.22929456942445,1.0,Male,2010-04-29,Month-to-Month,Red,191
65.34599865109816,57.0,Male,2015-11-22,One Year,Green,366
74.86249528732664,54.0,Female,2015-06-19,One Year,Green,768
68.04785418448473,20.0,F,2014-09-02,Invalid,Green,521
71.45493947489078,28.0,Male,2014-09-19,Two Year,Red,117
78.92735538155371,57.0,M,2014-08-25,One Year,Yellow,267
57.726689751497915,43.0,F,2013-12-15,Invalid,Blue,611
101.3858091352819,37.0,M,2014-10-26,One Year,Green,485
54.90973927750447,47.0,M,2014-03-05,Two Year,Yellow,509
51.787170808184015,37.0,Male,2011-10-27,Invalid,Blue,298
87.37166310250102,12.0,F,2010-02-02,Two Year,Blue,164
81.87494040944404,37.0,FEMALE,2015-10-04,Invalid,Blue,376
79.36179725578234,49.0,MALE,2015-08-22,Two Year,Yellow,653
79.4251826389642,49.0,Male,2014-04-01,One Year,Yellow,268
69.81629840729629,56.0,Male,2011-12-21,One Year,Red,549
56.54118442771252,44.0,FEMALE,2011-04-29,Two Year,Yellow,74
71.1370683729059,56.0,F,2012-08-30,Two Year,Yellow,508
59.842574327318324,28.0,F,2010-11-03,Two Year,Yellow,73
84.62679600126627,47.0,M,2011-04-02,Invalid,Blue,308
67.79413927746792,15.0,FEMALE,2010-11-27,One Year,Green,199
57.61754204811233,6.0,FEMALE,2010-08-13,Invalid,Red,130
65.1792123752051,44.0,F,2014-01-19,One Year,Green,758
76.19397181413436,59.0,M,2012-12-18,Month-to-Month,Green,824
61.54413170794038,20.0,Male,2011-10-06,Invalid,Yellow,572
57.666694066503524,50.0,Female,2011-09-08,One Year,Red,791
73.65530817237868,14.0,MALE,2010-07-14,One Year,Green,615
73.67449856663085,2.0,Male,2011-05-04,Invalid,Green,808
62.39585236943305,9.0,F,2013-06-03,Invalid,Red,832
62.93442541572516,37.0,MALE,2013-01-07,One Year,Yellow,487
73.48074906036454,20.0,Female,2013-02-21,Invalid,Green,853
48.27873487754014,26.0,Female,2013-05-26,Two Year,Blue,151
48.888043384351676,29.0,M,2011-05-31,Invalid,Green,669
59.22333668121346,1.0,MALE,2014-06-14,Invalid,Blue,206
66.7982927243223,55.0,M,2013-02-01,Invalid,Yellow,179
74.66361348397007,35.0,Male,2011-01-28,One Year,Green,197
92.13034325424329,6.0,FEMALE,2011-09-23,Two Year,Red,735
82.86489434803029,37.0,FEMALE,2015-01-22,Month-to-Month,Red,89
67.60092205054859,53.0,FEMALE,2012-09-06,Month-to-Month,Green,799
69.71475688145966,59.0,MALE,2011-03-10,Two Year,Yellow,434
54.96205953043287,5.0,FEMALE,2010-10-05,Two Year,Yellow,788
69.72230296011415,33.0,Male,2010-08-21,Two Year,Red,748
65.67012041619793,49.0,M,2014-04-02,One Year,Green,183
74.84077840507135,51.0,MALE,2014-05-14,Month-to-Month,Yellow,209
57.59153584671515,14.0,M,2013-01-18,Two Year,Red,493
77.79019771361759,12.0,MALE,2010-01-26,One Year,Blue,130
92.99108369503867,42.0,M,2013-11-18,Month-to-Month,Green,665
68.36859777314713,20.0,Female,2011-04-06,Invalid,Blue,13
76.02567583148412,53.0,M,2012-12-27,One Year,Blue,634
80.35215987566669,50.0,FEMALE,2012-10-03,Month-to-Month,Yellow,871
63.98169292171246,24.0,Female,2015-06-18,One Year,Yellow,732
73.36138722715626,59.0,M,2011-05-06,Month-to-Month,Yellow,106
70.18888601172692,43.0,MALE,2012-12-08,Month-to-Month,Green,375
71.46514147823248,34.0,MALE,2010-08-04,Invalid,Blue,582
58.404853242168,25.0,MALE,2014-09-20,One Year,Green,707
70.36765261388415,50.0,F,2014-05-12,Two Year,Yellow,698
77.46997436868175,29.0,Male,2010-06-08,Invalid,Blue,99
91.76715411692562,57.0,MALE,2011-11-17,Invalid,Green,594
84.3890623912781,39.0,Female,2014-11-12,Month-to-Month,Green,587
102.29773686267335,31.0,MALE,2015-08-15,Two Year,Red,886
58.489786556679256,56.0,F,2015-01-18,One Year,Green,852
83.08480955081018,47.0,FEMALE,2014-05-09,Two Year,Yellow,192
72.75013008607527,43.0,Female,2014-08-24,Two Year,Green,325
102.8470439982651,50.0,F,2015-05-01,Two Year,Blue,726
57.87552571967273,23.0,FEMALE,2015-08-25,Two Year,Green,827
57.40417236728836,44.0,Female,2013-02-19,Two Year,Red,467
61.009110318339665,38.0,M,2014-05-01,Month-to-Month,Blue,894
38.141564135352894,20.0,Male,2015-04-17,Month-to-Month,Blue,367
62.113674674788584,23.0,Male,2014-10-24,Invalid,Red,318
58.61301007669453,45.0,F,2015-08-13,Month-to-Month,Yellow,144
72.25590679714311,52.0,FEMALE,2012-09-16,Invalid,Blue,384
75.12633963665739,16.0,Male,2014-03-22,Invalid,Yellow,216
98.14256258823829,50.0,FEMALE,2013-01-21,One Year,Blue,361
84.25635757279075,42.0,FEMALE,2011-05-08,Two Year,Blue,324
61.346445165063955,60.0,F,2011-09-12,Month-to-Month,Yellow,15
56.52377992977463,55.0,F,2015-09-29,One Year,Blue,217
77.37878757259759,8.0,F,2014-03-27,Month-to-Month,Yellow,492
50.19650189469037,50.0,Male,2012-05-12,Invalid,Red,547
97.47188148781531,21.0,F,2014-08-19,Month-to-Month,Yellow,183
87.69160181081931,1.0,Male,2014-05-25,Two Year,Red,270
62.962365218429426,55.0,F,2011-08-03,Invalid,Blue,467
44.30298206363683,8.0,MALE,2015-03-06,Invalid,Yellow,870
90.3080856124812,29.0,FEMALE,2013-06-29,One Year,Blue,612
68.28190232121074,32.0,F,2015-01-30,Two Year,Yellow,519
88.56724467960193,38.0,Female,2013-09-17,Invalid,Red,542
46.08358511808449,5.0,FEMALE,2013-03-08,Two Year,Red,467
61.00937465569341,47.0,FEMALE,2010-12-23,Month-to-Month,Yellow,305
70.07865549577275,22.0,F,2014-06-13,Two Year,Red,144
70.70470890647113,47.0,M,2015-06-30,Invalid,Blue,111
63.249017927811344,34.0,F,2012-05-19,One Year,Blue,232
79.34274898521248,1.0,FEMALE,2012-06-04,Invalid,Green,691
53.98569355926108,55.0,Female,2015-06-25,Two Year,Red,584
67.8643077246806,55.0,FEMALE,2013-11-14,Two Year,Blue,722
71.80443447567848,26.0,Female,2013-07-07,Invalid,Yellow,732
77.71658251088124,43.0,Male,2011-09-12,Two Year,Red,592
80.67422317133335,10.0,MALE,2012-06-01,Month-to-Month,Blue,500
53.13036862243196,30.0,FEMALE,2012-03-07,Invalid,Red,595
46.98828743896567,50.0,F,2015-12-13,One Year,Yellow,554
89.16515232847763,18.0,Male,2013-07-20,Invalid,Blue,273
74.98471017969388,17.0,MALE,2011-09-11,Month-to-Month,Green,703
58.7727019516517,26.0,F,2015-01-09,Month-to-Month,Green,173
93.26727963283784,8.0,M,2010-09-02,Month-to-Month,Red,7
71.73511951439288,47.0,F,2012-07-18,Month-to-Month,Yellow,155
87.6894577609574,40.0,Female,2013-06-24,Month-to-Month,Blue,522
71.01277722115164,49.0,Female,2011-06-04,One Year,Yellow,546
100.91121887322981,12.0,M,2010-01-08,Two Year,Blue,548
96.33011263664807,27.0,Male,2015-07-13,Month-to-Month,Red,518
66.2655377728139,8.0,MALE,2011-05-10,Month-to-Month,Blue,215
84.57356426431534,25.0,F,2014-06-18,Invalid,Yellow,134
79.68063924377721,46.0,Female,2012-11-28,One Year,Yellow,285
90.52947336298523,4.0,Male,2010-07-06,One Year,Red,126
55.52614809129843,33.0,M,2015-02-21,Two Year,Yellow,439
80.29077189997659,1.0,FEMALE,2015-11-11,One Year,Blue,849
85.87636730274382,19.0,Female,2010-03-27,Invalid,Red,686
43.618907703653285,31.0,M,2010-05-17,Invalid,Blue,152
52.25112231001337,16.0,F,2015-10-23,Two Year,Yellow,331
39.411517333598496,14.0,MALE,2014-06-25,Invalid,Red,538
65.95889748333164,53.0,Female,2014-10-18,Month-to-Month,Blue,383
80.76313383693943,48.0,Female,2014-11-23,Month-to-Month,Yellow,115
92.53535578144042,5.0,F,2012-05-21,Invalid,Yellow,894
71.11142170629662,41.0,FEMALE,2012-08-01,Two Year,Green,482
94.42923318356938,26.0,Male,2014-06-15,One Year,Yellow,284
49.29847812677663,28.0,MALE,2010-12-15,Two Year,Blue,899
44.44926340967268,2.0,Female,2014-08-04,One Year,Red,75
69.16678451655072,50.0,MALE,2013-04-11,Invalid,Green,166
75.76098173408961,6.0,Female,2010-01-10,Invalid,Yellow,189
69.5095787785886,9.0,MALE,2014-01-01,Month-to-Month,Yellow,78
38.98836849940185,33.0,M,2011-10-29,One Year,Yellow,602
68.66319940730817,41.0,Female,2014-03-03,Two Year,Blue,688
50.43295749242721,25.0,MALE,2015-12-17,Invalid,Green,21
80.04508823245058,48.0,Male,2011-08-24,Two Year,Blue,566
75.49897369145272,13.0,M,2010-11-23,Month-to-Month,Green,184
55.90180320508967,9.0,M,2012-09-06,One Year,Red,871
62.2919962399496,53.0,Male,2011-09-21,One Year,Blue,222
54.11179717166573,13.0,MALE,2014-06-18,Invalid,Blue,827
69.05981354090243,31.0,F,2010-10-01,One Year,Red,328
84.32713480751858,41.0,Male,2011-11-16,Invalid,Green,179
55.21410930496684,11.0,MALE,2010-04-26,Month-to-Month,Yellow,788
77.56069773276766,4.0,Male,2012-05-10,One Year,Red,112
62.04613572441339,34.0,Male,2015-06-27,Invalid,Yellow,736
58.10690751606484,38.0,Female,2011-11-24,Two Year,Yellow,726
68.39454460068163,46.0,MALE,2013-01-10,Invalid,Red,59
54.47136516370939,4.0,F,2015-12-02,One Year,Green,327
61.69526041979227,38.0,Female,2014-11-28,Month-to-Month,Yellow,621
52.03183161116728,19.0,Male,2010-06-03,One Year,Red,897
99.47087699374583,6.0,FEMALE,2015-03-16,One Year,Blue,669
70.52895327957593,34.0,Male,2013-11-28,Invalid,Blue,191
59.50411738011122,18.0,Male,2013-07-13,Two Year,Blue,200
73.20969866101333,13.0,MALE,2010-11-11,One Year,Red,312
68.31507925463755,41.0,MALE,2012-11-30,Two Year,Blue,708
66.68545600700166,23.0,Female,2010-04-15,Invalid,Yellow,35
79.21250050065137,19.0,F,2015-04-09,Two Year,Blue,379
81.36261565070957,45.0,Female,2015-03-29,Invalid,Blue,387
62.04248278584209,11.0,M,2013-05-01,Month-to-Month,Yellow,758
61.3627263903298,1.0,Male,2013-11-25,Two Year,Blue,237
65.87422454272534,24.0,FEMALE,2014-11-08,Two Year,Yellow,616
35.471182528966224,54.0,Male,2015-05-15,Month-to-Month,Blue,519
47.27213406702172,7.0,Male,2014-05-23,Two Year,Yellow,283
90.50311401166786,25.0,Female,2011-12-10,Month-to-Month,Blue,1
94.67451570251926,21.0,FEMALE,2011-10-13,One Year,Yellow,731
66.26445940665432,15.0,FEMALE,2012-08-04,Invalid,Red,464
78.6483544458365,1.0,FEMALE,2011-10-23,Month-to-Month,Yellow,230
74.66875231815304,12.0,Female,2015-11-17,Two Year,Blue,172
116.18321212682856,58.0,Male,2013-02-06,Month-to-Month,Blue,87
86.79362367151865,7.0,Female,2011-12-01,Two Year,Green,553
68.0812361277885,15.0,MALE,2015-08-01,One Year,Yellow,123
55.666893390993614,21.0,MALE,2011-07-06,Month-to-Month,Red,843
45.903305196136415,19.0,Female,2011-02-09,One Year,Yellow,298
73.05195453800835,60.0,FEMALE,2011-04-07,Invalid,Yellow,885
58.654738820735446,29.0,Male,2015-12-20,Two Year,Red,690
48.666194356034886,25.0,Female,2012-05-23,Two Year,Yellow,575
60.301406736362104,33.0,Female,2010-03-25,One Year,Red,484
53.77677994578407,49.0,Female,2013-11-23,Invalid,Red,165
95.30712452608847,32.0,M,2010-08-09,Month-to-Month,Yellow,699
83.22459635424175,49.0,MALE,2013-10-23,Month-to-Month,Yellow,383
69.88041038025074,35.0,FEMALE,2010-04-22,Two Year,Blue,209
92.19916208335039,44.0,F,2011-09-07,One Year,Blue,739
71.16052461471428,38.0,FEMALE,2014-05-01,One Year,Green,432
57.08073698007605,26.0,F,2011-04-20,Month-to-Month,Green,389
92.84686115904486,11.0,M,2015-03-29,Invalid,Yellow,560
78.08365065526988,35.0,Female,2010-09-28,Invalid,Red,224
54.441307685103155,8.0,M,2015-04-05,Month-to-Month,Green,3
67.14491982874588,46.0,M,2013-10-22,Month-to-Month,Yellow,372
56.86572619922865,14.0,Male,2010-02-09,One Year,Green,687
49.25800403553496,10.0,MALE,2015-06-06,Invalid,Red,446
83.89266321297463,2.0,F,2012-09-20,Month-to-Month,Yellow,611
98.64124960705196,46.0,Female,2015-07-06,Month-to-Month,Red,116
49.02148639271288,9.0,F,2010-10-17,Two Year,Yellow,270
78.44453855035856,3.0,FEMALE,2010-10-06,Month-to-Month,Green,447
60.2403614631726,21.0,F,2011-08-04,Month-to-Month,Blue,368
62.69311924352956,26.0,FEMALE,2012-05-12,Invalid,Green,253
61.11409113641696,8.0,MALE,2010-09-11,One Year,Green,317
57.04013845480276,48.0,FEMALE,2010-06-30,Invalid,Blue,415
70.7278244191724,2.0,F,2011-11-12,One Year,Blue,95
57.535748253834434,6.0,F,2012-04-04,Two Year,Yellow,785
74.05685238669759,28.0,FEMALE,2011-12-01,Month-to-Month,Yellow,892
69.24642835826295,53.0,M,2013-09-11,Two Year,Red,24
66.41577929700385,29.0,MALE,2013-10-12,One Year,Red,628
56.386545069376034,26.0,Male,2014-08-01,Invalid,Green,663
61.34843004147501,25.0,Female,2014-06-27,Invalid,Blue,850
81.33086838738635,12.0,F,2015-05-12,Two Year,Red,50
77.5137578143657,5.0,Female,2010-07-31,One Year,Green,502
55.33667132802174,34.0,Male,2014-03-19,Two Year,Blue,718
71.48998458143839,48.0,Female,2011-01-19,Two Year,Yellow,498
81.27080685057683,37.0,Male,2014-09-11,Month-to-Month,Green,335
44.95892078317942,15.0,FEMALE,2010-12-08,Two Year,Yellow,79
78.15040288569902,44.0,M,2015-01-13,Month-to-Month,Red,582
60.060643615812296,36.0,F,2015-06-11,Month-to-Month,Red,27
78.5589800288974,15.0,Male,2012-04-23,Invalid,Blue,271
58.55111265186225,43.0,Female,2014-03-15,Month-to-Month,Green,562
42.92676849003222,48.0,F,2011-02-24,Month-to-Month,Yellow,804
45.58686343175256,23.0,M,2015-06-12,Invalid,Blue,247
70.72127419992073,6.0,FEMALE,2015-04-17,Two Year,Red,776
73.89583752582223,46.0,F,2015-01-24,One Year,Red,591
56.43525062343387,50.0,Male,2010-11-02,One Year,Green,387
79.57888688166061,44.0,M,2012-05-18,One Year,Yellow,702
45.0771990659656,59.0,Female,2013-02-09,Two Year,Green,559
69.00880302029024,43.0,M,2013-12-05,Month-to-Month,Yellow,361
51.834757003563155,45.0,M,2010-07-25,One Year,Yellow,866
60.222458382967616,21.0,MALE,2011-05-11,Two Year,Green,488
70.71098006974621,23.0,M,2015-03-25,Month-to-Month,Blue,352
57.09379952074072,43.0,M,2012-11-11,Invalid,Green,701
64.23166683655262,55.0,F,2010-08-01,One Year,Green,256
85.0943921382166,16.0,Female,2010-11-06,Month-to-Month,Red,222
61.34662195715277,47.0,F,2015-06-15,One Year,Red,884
82.53538168097712,53.0,F,2010-09-29,One Year,Green,753
53.05439718013573,60.0,Male,2014-12-28,One Year,Green,781
77.94706266872925,15.0,F,2015-09-11,Month-to-Month,Red,1
91.6235293098685,25.0,MALE,2011-03-19,Two Year,Yellow,546
32.92533249809066,36.0,MALE,2010-09-11,Month-to-Month,Green,446
58.046571167942844,11.0,Male,2011-06-05,One Year,Blue,79
78.6560819077081,51.0,FEMALE,2012-09-03,Month-to-Month,Blue,236
66.9543192093551,15.0,Female,2010-01-10,Invalid,Blue,334
75.56718810056964,4.0,Female,2014-05-03,Two Year,Green,889
60.94022219926269,21.0,F,2013-02-08,Month-to-Month,Yellow,349
71.2988468120935,13.0,F,2010-06-02,Invalid,Yellow,98
67.66484146911881,22.0,FEMALE,2014-07-17,Two Year,Red,82
87.5167309248971,19.0,F,2015-01-31,Invalid,Green,502
73.8163126495182,34.0,Female,2013-04-29,Two Year,Yellow,477
75.06403993112804,14.0,M,2014-10-19,Month-to-Month,Green,704
63.82184550816299,4.0,MALE,2013-01-09,Invalid,Red,765
62.6859066389126,48.0,M,2012-06-13,One Year,Red,550
63.51162718270569,53.0,M,2013-01-16,Invalid,Red,14
75.91678213567445,52.0,Female,2010-04-14,Two Year,Blue,392
63.68523278769605,46.0,M,2015-03-30,Month-to-Month,Green,347
74.34662285344619,27.0,FEMALE,2012-10-03,Two Year,Red,310
101.13101197968157,29.0,Male,2011-02-11,Invalid,Green,386
83.06687055147539,47.0,F,2013-11-02,Invalid,Blue,209
65.10964701748239,28.0,Male,2010-06-16,One Year,Blue,357
88.01820883245918,35.0,MALE,2011-05-24,Month-to-Month,Red,601
63.87886940467673,8.0,F,2014-07-20,Month-to-Month,Red,568
39.428131972332196,16.0,M,2012-02-02,Invalid,Yellow,94
54.87870533623894,42.0,MALE,2011-11-12,Month-to-Month,Green,93
41.938121184612164,36.0,F,2015-10-22,One Year,Red,340
64.72729773938038,30.0,FEMALE,2013-03-10,Two Year,Yellow,597
70.27627568784328,18.0,FEMALE,2011-08-05,Month-to-Month,Green,445
95.14655968412924,2.0,FEMALE,2010-09-19,Invalid,Red,757
74.90391060646245,49.0,FEMALE,2013-09-25,Two Year,Yellow,22
66.71349206786704,13.0,M,2013-08-24,Two Year,Yellow,291
82.44108371775233,4.0,Male,2014-03-19,One Year,Green,485
36.832970364881724,26.0,F,2011-07-15,Invalid,Yellow,784
73.53421837162848,25.0,M,2013-01-04,Month-to-Month,Green,306
81.5629779083045,30.0,FEMALE,2015-03-19,Invalid,Green,634
47.821206313302376,11.0,Male,2010-06-24,Two Year,Green,128
87.15631064810394,7.0,MALE,2015-11-27,Invalid,Blue,625
75.07744611241621,31.0,MALE,2010-07-11,Month-to-Month,Yellow,273
63.77068129148798,44.0,MALE,2010-03-06,Month-to-Month,Green,848
79.49172799159427,10.0,FEMALE,2014-02-06,One Year,Red,442
104.06039286706593,39.0,MALE,2014-04-17,Month-to-Month,Blue,503
72.72799382587743,13.0,Female,2013-02-25,Month-to-Month,Blue,130
73.72330879450504,31.0,F,2015-04-22,Invalid,Yellow,132
63.109586506896335,7.0,F,2011-01-04,Invalid,Green,597
57.25233445802812,56.0,FEMALE,2012-04-30,Two Year,Yellow,482
82.45503724816368,49.0,Female,2010-02-12,One Year,Blue,862
57.15874261136699,42.0,M,2015-03-23,Invalid,Green,390
71.07349355829089,42.0,M,2010-03-19,Month-to-Month,Red,593
62.83513829852325,56.0,MALE,2014-12-30,Two Year,Green,325
77.18469738619588,36.0,Male,2013-07-17,Invalid,Blue,69
75.00493157930423,20.0,M,2011-11-05,One Year,Red,660
85.56309916386849,4.0,Male,2011-12-02,One Year,Green,448
62.349754017178796,54.0,F,2012-01-29,Two Year,Red,528
65.95187597059943,7.0,Male,2015-04-08,Two Year,Red,819
55.31854426326539,54.0,F,2012-06-20,Two Year,Blue,617
63.33560109885833,1.0,Female,2012-09-19,Two Year,Red,165
75.65950739567279,44.0,Female,2013-04-06,Two Year,Yellow,488
81.35482924968028,56.0,FEMALE,2014-01-16,Month-to-Month,Blue,713
56.167520137335615,45.0,FEMALE,2011-01-25,Month-to-Month,Yellow,709
83.0440888015849,42.0,MALE,2012-09-26,Invalid,Red,426
90.33456788207427,47.0,M,2011-06-09,One Year,Yellow,697
76.20152354835551,59.0,MALE,2015-01-30,Month-to-Month,Green,834
98.151937188371,13.0,F,2014-02-15,Month-to-Month,Red,265
58.39316201344641,55.0,MALE,2011-10-21,Month-to-Month,Green,875
51.33017945032874,22.0,Male,2012-06-09,Invalid,Yellow,612
43.319196266435824,54.0,F,2014-01-21,Two Year,Green,342
92.44066467233775,21.0,FEMALE,2011-03-28,Invalid,Red,832
79.81548484531086,22.0,Female,2014-03-18,One Year,Green,726
69.16622993634317,28.0,FEMALE,2012-06-01,One Year,Yellow,278
74.19952939479731,9.0,M,2010-11-09,One Year,Yellow,674
53.11766429052435,26.0,F,2012-04-19,One Year,Yellow,439
106.68627969425239,9.0,F,2011-01-10,Month-to-Month,Red,157
71.93831772962841,15.0,Male,2011-03-27,Month-to-Month,Yellow,422
71.64092191907339,10.0,M,2011-08-18,Invalid,Red,251
80.88649935848038,24.0,Female,2013-05-18,Two Year,Green,878
77.2151384760507,58.0,F,2011-05-15,One Year,Yellow,609
73.35826036418698,57.0,F,2011-04-09,Invalid,Green,530
58.142883168320324,42.0,Male,2010-04-23,Month-to-Month,Blue,327
77.07202535703993,8.0,MALE,2012-11-01,Month-to-Month,Green,895
98.2303674471255,24.0,Female,2015-04-09,Two Year,Blue,97
90.18130069232467,16.0,FEMALE,2010-05-20,Two Year,Green,513
93.89779939959095,49.0,M,2013-11-25,Two Year,Red,216
62.33176485353222,26.0,F,2011-06-01,Invalid,Green,132
55.15592769612129,27.0,F,2015-05-02,Month-to-Month,Red,260
68.11319619850528,37.0,FEMALE,2015-12-06,Month-to-Month,Red,125
70.83587368433042,4.0,Female,2012-06-06,Two Year,Yellow,82
86.41287277706422,50.0,MALE,2013-09-03,One Year,Red,283
44.613030554277714,24.0,F,2010-02-19,Two Year,Blue,683
92.9432547919092,19.0,Female,2010-01-19,Invalid,Yellow,59
67.62988152131516,36.0,FEMALE,2011-12-27,Two Year,Yellow,544
63.5967839507887,60.0,Male,2014-01-13,Two Year,Green,161
54.81843437109749,39.0,MALE,2011-03-28,Invalid,Red,284
45.177149922013456,10.0,M,2013-03-10,Two Year,Red,106
82.34755875942872,25.0,F,2013-01-12,Month-to-Month,Blue,105
71.09976950782605,18.0,Female,2010-08-03,One Year,Green,439
50.65058650388419,19.0,Male,2014-03-30,Two Year,Green,228
50.57381841904576,36.0,M,2010-05-08,Invalid,Yellow,700
64.96322951064808,10.0,Female,2015-01-20,One Year,Yellow,582
95.0353228793409,33.0,Female,2012-01-30,Invalid,Yellow,318
66.10612972954593,55.0,M,2014-12-21,One Year,Blue,464
47.45285570322841,50.0,Male,2010-12-27,One Year,Blue,802
66.31385403871083,5.0,FEMALE,2011-07-23,Two Year,Yellow,599
65.90914645378494,47.0,Male,2013-11-16,Month-to-Month,Green,882
29.546700355876425,49.0,MALE,2014-05-17,Two Year,Blue,874
69.18557700223282,35.0,F,2014-08-20,Invalid,Green,472
66.53598204686983,44.0,M,2010-07-21,Invalid,Green,56
80.44309547220128,34.0,FEMALE,2015-08-27,One Year,Red,625
97.73434142418017,33.0,M,2011-06-02,One Year,Yellow,13
86.89847544321637,55.0,M,2013-09-10,Month-to-Month,Red,440
65.96666964167754,21.0,Male,2013-12-06,Two Year,Yellow,18
53.40211136887494,17.0,F,2013-09-03,Invalid,Yellow,694
108.60039704874791,22.0,MALE,2011-11-12,One Year,Green,113
70.88827651021732,48.0,Female,2015-06-12,Month-to-Month,Yellow,229
70.2089393786942,37.0,Female,2014-01-31,Invalid,Green,171
69.63812369334995,15.0,M,2011-03-01,One Year,Green,295
72.97127141151782,35.0,F,2015-05-23,Invalid,Yellow,189
67.83459382114086,28.0,FEMALE,2014-09-09,Month-to-Month,Green,426
61.39506989679646,7.0,Male,2012-02-17,Month-to-Month,Green,79
61.79711588139412,32.0,F,2015-11-16,Invalid,Green,658
69.50870094676003,11.0,F,2015-01-01,Two Year,Blue,182
61.84862843299352,10.0,Male,2010-07-27,Invalid,Green,499
59.30731325984253,9.0,M,2014-03-18,One Year,Blue,798
71.59645341537845,14.0,F,2014-07-18,Two Year,Blue,762
66.17534173868717,13.0,Female,2010-01-22,One Year,Green,866
92.55989482874033,57.0,Male,2010-06-03,Invalid,Green,826
30.235452874104823,25.0,FEMALE,2015-05-17,Two Year,Blue,708
86.37260277883692,2.0,MALE,2010-08-07,One Year,Blue,835
88.69127788746444,35.0,M,2011-10-31,Invalid,Green,71
38.89914651387776,7.0,Male,2014-02-27,Invalid,Green,248
64.85968608879477,21.0,MALE,2015-08-30,Two Year,Yellow,146
64.42838701006313,18.0,MALE,2012-08-07,Invalid,Blue,618
48.88732457923268,3.0,FEMALE,2011-02-07,Month-to-Month,Blue,775
58.33274968613687,42.0,F,2011-08-19,One Year,Yellow,296
53.34136231801257,54.0,FEMALE,2013-12-08,One Year,Blue,582
96.28405665135435,39.0,F,2013-03-03,Invalid,Red,470
84.03517589721191,41.0,F,2014-10-09,Invalid,Blue,506
89.07332642491238,49.0,Male,2013-07-30,Month-to-Month,Yellow,193
80.82508096064853,11.0,Male,2010-03-14,Two Year,Red,68
53.06422343174156,39.0,M,2011-04-26,Invalid,Green,494
62.132196005803394,24.0,F,2011-07-14,Invalid,Yellow,817
77.34061841841877,60.0,MALE,2012-01-15,Invalid,Yellow,52
51.66808286662082,46.0,Female,2014-01-06,Invalid,Green,882
80.69497645258582,19.0,M,2010-04-10,One Year,Yellow,363
66.39511902762797,4.0,Male,2012-12-18,Invalid,Blue,797
64.37768788675604,26.0,FEMALE,2011-02-17,One Year,Green,474
80.66439952305237,38.0,M,2012-12-24,Invalid,Yellow,846
76.6639496722906,42.0,M,2013-03-23,Two Year,Green,521
64.5855075127138,32.0,M,2015-07-02,Month-to-Month,Green,763
87.38994705046372,39.0,M,2012-03-31,Two Year,Green,431
53.78405008600154,45.0,Female,2011-10-24,Invalid,Red,844
79.23903410416395,46.0,FEMALE,2011-07-14,Invalid,Yellow,298
78.89651886952575,36.0,FEMALE,2013-06-25,Invalid,Red,435
65.35680341029014,40.0,FEMALE,2014-12-19,Two Year,Yellow,696
74.89199533363177,37.0,F,2011-09-02,Invalid,Blue,691
51.23329635422046,33.0,MALE,2010-01-25,Two Year,Blue,198
83.86040528810352,36.0,FEMALE,2015-07-22,One Year,Blue,128
67.22646795335517,3.0,M,2010-10-11,Month-to-Month,Yellow,532
62.15915469221441,9.0,M,2014-01-12,Month-to-Month,Green,411
85.73513838755333,8.0,FEMALE,2010-10-28,Two Year,Green,840
59.43484464185861,33.0,FEMALE,2012-12-27,One Year,Red,65
48.873080554546604,59.0,M,2012-10-27,Two Year,Red,694
46.65056239714144,6.0,F,2012-03-27,One Year,Blue,241
79.0901492701846,41.0,Male,2010-03-24,Invalid,Red,369
50.793559712555755,39.0,Male,2015-04-05,One Year,Yellow,536
96.32191272976547,4.0,FEMALE,2015-09-25,One Year,Yellow,384
38.77105888174417,13.0,Female,2011-09-10,One Year,Red,431
95.44684552435058,49.0,FEMALE,2010-06-25,Month-to-Month,Red,83
73.16526200803928,60.0,FEMALE,2013-04-04,One Year,Red,831
68.54930332194411,2.0,Male,2012-04-21,Invalid,Red,697
61.826213697865754,60.0,M,2011-01-05,Invalid,Blue,828
75.98704171528107,5.0,FEMALE,2014-12-24,Invalid,Blue,611
69.43547946362727,44.0,M,2015-10-03,One Year,Red,574
86.54952823024783,27.0,M,2011-11-21,Two Year,Yellow,286
71.71341472993059,32.0,Female,2014-11-15,Two Year,Blue,534
72.25452642192816,21.0,M,2013-09-26,Invalid,Yellow,459
64.54581681679217,8.0,Male,2013-12-03,Month-to-Month,Green,212
69.14581564418398,38.0,F,2011-01-02,Two Year,Yellow,126
74.6170265333809,8.0,F,2011-10-06,One Year,Red,413
44.347474110150614,50.0,MALE,2010-03-14,Two Year,Green,499
49.77721866841431,3.0,FEMALE,2013-06-25,Invalid,Blue,425
81.14896141034072,54.0,Male,2012-05-09,Month-to-Month,Blue,554
72.56298157191912,44.0,M,2010-02-12,Two Year,Green,610
67.24024995470981,58.0,F,2012-11-30,Two Year,Yellow,543
70.27650899598089,3.0,Male,2014-02-25,Invalid,Blue,158
75.21372558042506,22.0,F,2015-09-18,Month-to-Month,Red,112
61.90360479535958,6.0,M,2011-01-04,Month-to-Month,Green,402
58.32542911896531,2.0,F,2010-05-31,Invalid,Red,759
72.93767882646523,23.0,FEMALE,2013-02-08,One Year,Green,122
55.32440833577452,44.0,FEMALE,2014-02-12,Two Year,Blue,273
76.12379133571707,2.0,MALE,2013-12-30,One Year,Yellow,294
44.46124593643239,38.0,MALE,2012-12-06,Two Year,Green,398
85.43733455988465,17.0,F,2012-10-20,Two Year,Green,471
77.08896223619564,35.0,Male,2014-05-18,One Year,Red,207
73.84044601470814,34.0,FEMALE,2015-08-03,Invalid,Blue,110
84.74036475918271,23.0,Male,2013-10-21,Invalid,Red,440
94.98211666693865,30.0,Male,2010-03-10,Two Year,Blue,278
85.21555097527195,52.0,F,2012-08-01,Invalid,Red,568
42.38688653002532,8.0,Male,2012-03-12,Two Year,Green,887
50.806345498964475,22.0,FEMALE,2010-03-02,Invalid,Red,569
60.62772133456482,44.0,M,2012-08-03,Two Year,Yellow,482
70.3913657531625,58.0,MALE,2013-08-30,Invalid,Blue,803
77.76488530703685,36.0,M,2013-03-30,Month-to-Month,Blue,114
59.11384280269802,5.0,Male,2010-11-27,One Year,Green,893
72.80150146715617,13.0,M,2014-04-01,Month-to-Month,Blue,897
58.66925601470016,29.0,FEMALE,2010-12-04,One Year,Yellow,820
60.82723295512078,31.0,FEMALE,2014-06-18,One Year,Red,853
48.900083547276665,47.0,Male,2013-08-20,Two Year,Green,477
56.151501308336435,57.0,F,2014-03-07,One Year,Yellow,710
49.724730915754996,55.0,M,2014-08-01,Month-to-Month,Blue,321
55.36190120534001,16.0,F,2013-09-23,Month-to-Month,Blue,179
85.80462694911759,42.0,F,2014-04-23,Invalid,Yellow,897
55.759016667520854,30.0,Female,2010-10-02,Month-to-Month,Red,219
109.48573097256086,57.0,Male,2013-04-02,Invalid,Red,789
77.39976851321333,55.0,MALE,2015-06-17,One Year,Green,528
72.77254185542311,16.0,FEMALE,2012-05-19,Month-to-Month,Blue,492
57.1246332972818,12.0,FEMALE,2012-10-11,One Year,Yellow,891
80.50464819113488,17.0,Male,2015-03-27,Month-to-Month,Red,61
61.36543260643339,16.0,MALE,2011-08-26,Month-to-Month,Green,54
71.83014721968043,12.0,FEMALE,2014-12-05,Invalid,Blue,680
108.40126807403192,8.0,Male,2011-11-22,One Year,Blue,538
68.55910150413025,20.0,FEMALE,2011-05-09,Month-to-Month,Green,848
87.23909989428513,3.0,F,2011-05-05,Two Year,Green,65
59.45235362311169,16.0,M,2011-01-25,One Year,Red,612
69.47517264254557,30.0,M,2010-10-22,One Year,Yellow,586
96.56200953453265,45.0,FEMALE,2013-10-24,One Year,Blue,704
60.59549413318349,23.0,Female,2014-09-14,Invalid,Yellow,171
97.18672836995393,28.0,MALE,2011-10-11,Two Year,Blue,273
80.61627903183214,51.0,MALE,2015-02-17,One Year,Blue,889
61.56299836158598,40.0,MALE,2011-07-22,Month-to-Month,Yellow,699
79.48611608583282,54.0,F,2011-03-21,Month-to-Month,Green,535
84.58831674440094,5.0,MALE,2010-12-29,Invalid,Red,391
79.32714943325794,20.0,M,2015-12-11,Month-to-Month,Blue,693
46.446629201643155,40.0,F,2013-04-26,One Year,Green,327
59.09294236262697,56.0,Male,2012-01-12,Month-to-Month,Blue,108
66.28722046672743,44.0,MALE,2015-08-04,One Year,Red,847
68.8834985634993,1.0,MALE,2011-11-11,Month-to-Month,Blue,162
79.31008146326018,57.0,Male,2014-07-01,Two Year,Red,814
72.66551501399881,30.0,MALE,2014-04-22,Invalid,Red,452
49.96983461934848,21.0,Male,2013-09-20,Invalid,Blue,206
75.70296776508945,20.0,F,2015-11-10,Two Year,Blue,590
79.15878617925735,6.0,M,2010-03-04,Two Year,Red,16
78.3968567189656,22.0,Male,2013-03-08,Invalid,Green,327
86.21171088331933,18.0,Female,2013-05-13,Two Year,Yellow,608
82.50883231823356,8.0,Male,2010-09-13,One Year,Red,659
76.88770118842655,39.0,MALE,2010-05-15,Month-to-Month,Blue,2
68.94751432812029,32.0,F,2012-05-24,Invalid,Blue,10
45.085585997260125,33.0,FEMALE,2012-04-01,Two Year,Green,434
76.44427328698879,53.0,F,2015-11-06,One Year,Yellow,125
73.11531530744666,16.0,FEMALE,2012-04-02,Invalid,Red,81
74.0736825579306,12.0,Male,2012-08-31,Two Year,Red,485
50.84877136269536,38.0,M,2014-11-13,Invalid,Yellow,652
53.784151893876064,52.0,Female,2010-05-01,Two Year,Red,838
85.79729279999356,34.0,F,2014-06-26,Invalid,Yellow,150
69.40667269215018,14.0,MALE,2013-09-26,One Year,Blue,800
80.22251046058936,36.0,FEMALE,2012-10-04,One Year,Yellow,873
70.42477564195691,33.0,MALE,2012-07-13,Month-to-Month,Red,340
70.44634209243618,23.0,M,2011-10-07,Invalid,Yellow,129
84.07425708963997,50.0,FEMALE,2015-07-26,Month-to-Month,Green,438
62.25932907673939,45.0,F,2015-08-31,Invalid,Blue,751
71.44181165411474,2.0,Male,2010-08-30,Two Year,Blue,501
63.06587066942436,41.0,MALE,2014-06-08,Two Year,Yellow,58
63.482556588515266,21.0,M,2012-03-13,Month-to-Month,Red,198
65.3624181479704,2.0,F,2012-08-21,Invalid,Green,211
73.3320065745057,27.0,F,2010-03-10,Month-to-Month,Blue,45
62.818770675047844,57.0,F,2013-02-26,One Year,Blue,97
88.83634188360281,9.0,F,2010-07-15,Month-to-Month,Red,279
56.580890466707444,1.0,FEMALE,2015-12-28,Month-to-Month,Red,535
67.19692533757961,11.0,F,2012-01-16,Two Year,Green,410
63.40403412588738,3.0,MALE,2014-08-16,Month-to-Month,Yellow,461
91.704668265306,52.0,M,2010-10-04,Invalid,Red,391
72.94832164767362,23.0,FEMALE,2010-03-02,Two Year,Yellow,847
85.47766809202952,26.0,F,2015-03-29,Month-to-Month,Green,44
47.716594404445416,4.0,Female,2015-10-01,One Year,Yellow,27
74.00575398803889,18.0,Female,2014-11-08,Month-to-Month,Blue,794
83.34446193435156,55.0,M,2013-08-27,Month-to-Month,Yellow,97
71.23425983913137,6.0,Male,2015-01-12,Month-to-Month,Green,548
85.98220562598027,35.0,Male,2011-07-21,Two Year,Green,621
62.24067324849442,22.0,FEMALE,2014-04-21,Invalid,Green,567
91.1402116027837,43.0,FEMALE,2011-09-14,One Year,Yellow,704
104.48347185428875,15.0,FEMALE,2015-07-19,Month-to-Month,Blue,219
64.55742159340511,22.0,Male,2013-04-15,Invalid,Red,185
63.31746217898842,60.0,Female,2010-11-10,Invalid,Blue,69
91.80076715676552,37.0,Male,2015-11-15,Two Year,Yellow,829
93.69358218596068,52.0,MALE,2013-05-21,One Year,Yellow,130
62.15709959270097,42.0,F,2010-05-17,Two Year,Red,567
63.69719774356214,12.0,FEMALE,2012-10-26,Invalid,Yellow,890
65.7732308670924,47.0,Female,2015-11-27,Invalid,Green,609
49.833242334485846,49.0,M,2011-10-24,Invalid,Green,848
56.220220802737025,42.0,M,2010-03-28,Two Year,Green,599
54.93788849871898,38.0,F,2015-10-25,One Year,Green,806
58.483036523438074,18.0,Female,2013-08-01,Month-to-Month,Green,631
69.47972668919829,45.0,Male,2014-08-28,Two Year,Yellow,720
73.5132209880478,35.0,Male,2011-05-10,Invalid,Red,334
93.25750739221115,30.0,MALE,2014-07-06,Two Year,Red,154
55.024689388918134,24.0,MALE,2015-04-27,Invalid,Green,547
84.76483597714875,42.0,Male,2012-12-04,Month-to-Month,Yellow,79
66.79016733661737,30.0,M,2013-11-25,Month-to-Month,Blue,579
69.2580443552135,14.0,FEMALE,2011-08-20,One Year,Blue,855
80.12229238249905,6.0,M,2011-03-26,Invalid,Yellow,413
53.159169676565526,3.0,MALE,2011-04-30,One Year,Green,546
75.73614619276076,16.0,F,2011-10-08,One Year,Red,609
72.49678312319584,7.0,Male,2014-06-18,Month-to-Month,Yellow,169
77.38676896012224,52.0,MALE,2011-10-24,Two Year,Blue,681
74.33752965861727,14.0,MALE,2012-01-28,Two Year,Blue,663
106.82950209866341,9.0,FEMALE,2010-10-16,One Year,Blue,583
60.43390023623026,15.0,Male,2011-12-22,Month-to-Month,Green,515
62.035045674972736,21.0,FEMALE,2011-09-30,Invalid,Blue,314
60.65289210362853,35.0,Male,2011-05-14,Two Year,Yellow,32
61.66784321259618,2.0,FEMALE,2011-09-26,One Year,Yellow,287
60.439193090402235,27.0,M,2014-08-01,Two Year,Blue,594
87.83524796661328,2.0,F,2015-07-24,Two Year,Yellow,43
91.30756371984782,35.0,F,2010-04-25,Invalid,Blue,617
61.438805593757856,18.0,Male,2011-11-05,Month-to-Month,Blue,1
57.51466640343657,14.0,Female,2014-10-03,Invalid,Red,573
77.07123334579606,20.0,MALE,2013-06-11,Month-to-Month,Green,270
61.716654335785435,18.0,MALE,2010-05-27,Two Year,Green,180
79.49397726633266,10.0,Male,2015-12-06,One Year,Red,736
73.04384531276949,25.0,FEMALE,2011-02-16,Invalid,Red,518
47.26383827504152,2.0,Female,2014-08-15,Month-to-Month,Green,103
93.21257801995093,25.0,M,2014-03-13,Two Year,Blue,10
96.93816509643283,54.0,FEMALE,2010-05-17,Month-to-Month,Blue,583
60.80816964273421,33.0,FEMALE,2010-01-19,Month-to-Month,Green,90
64.18447660096024,36.0,Male,2015-05-14,Month-to-Month,Blue,226
74.28798086087357,31.0,Male,2012-09-28,Two Year,Red,670
75.01685184980538,14.0,MALE,2011-03-25,One Year,Blue,740
79.87816409009245,1.0,Male,2015-05-03,One Year,Blue,126
100.15306808149525,46.0,Male,2012-08-03,One Year,Yellow,209
67.34579158758926,16.0,Male,2013-10-09,Month-to-Month,Yellow,97
58.02554133192319,54.0,MALE,2014-03-03,Two Year,Yellow,74
49.31021157978209,46.0,M,2010-05-21,Month-to-Month,Blue,627
59.036049400871214,52.0,M,2015-04-05,One Year,Green,191
69.50309540689304,3.0,Male,2010-04-03,One Year,Red,682
96.91836795276681,35.0,MALE,2010-08-27,Two Year,Blue,819
62.235830514457426,41.0,M,2010-07-24,Month-to-Month,Green,716
73.35681927458347,6.0,FEMALE,2013-12-27,Invalid,Blue,56
69.75365655890872,25.0,M,2010-09-02,Invalid,Red,720
87.82589910172126,13.0,M,2012-04-11,One Year,Blue,553
107.90398638810433,53.0,MALE,2010-10-22,Two Year,Red,32
62.03696840619519,34.0,FEMALE,2012-05-05,Month-to-Month,Blue,527
62.658408362226666,8.0,MALE,2015-08-27,Month-to-Month,Red,574
85.66241315603608,21.0,Male,2010-03-12,One Year,Blue,667
80.22837234439467,34.0,F,2013-07-16,One Year,Red,284
97.7006098860405,4.0,M,2013-09-10,Month-to-Month,Yellow,721
78.75892277988946,25.0,F,2010-11-01,Month-to-Month,Blue,832
64.61061863819411,15.0,MALE,2012-10-27,One Year,Blue,494
78.85982246038463,4.0,MALE,2013-08-30,Month-to-Month,Green,187
86.63055370874362,45.0,MALE,2012-03-27,Invalid,Green,498
82.30723271796046,60.0,F,2013-01-31,One Year,Red,442
77.60911046660947,12.0,MALE,2012-03-31,Month-to-Month,Blue,130
86.00012034383731,32.0,Male,2010-07-12,One Year,Red,639
87.5394338566851,32.0,MALE,2014-11-12,Two Year,Yellow,292
90.7323848655629,28.0,Female,2011-06-13,One Year,Green,114
79.73064831384464,13.0,F,2010-09-08,One Year,Red,199
67.49322879524719,31.0,Female,2014-11-24,Two Year,Red,13
72.20070529649985,14.0,MALE,2015-07-20,Invalid,Green,271
88.09763449762535,20.0,Male,2013-11-04,Month-to-Month,Blue,601
57.74596493519146,18.0,M,2013-03-13,Two Year,Red,215
75.53009963309351,29.0,FEMALE,2015-09-04,One Year,Green,444
64.09991781508958,60.0,FEMALE,2013-01-01,Month-to-Month,Blue,790
70.43117234402226,6.0,MALE,2015-01-22,Two Year,Yellow,512
89.17677793910948,32.0,Male,2011-05-20,Month-to-Month,Green,447
72.86648602029855,29.0,F,2014-06-10,Month-to-Month,Red,715
70.69654822234223,43.0,Female,2013-10-19,Two Year,Yellow,74
49.60215788530121,2.0,Female,2013-05-07,Month-to-Month,Blue,537
81.19380349040831,60.0,Female,2011-12-19,Invalid,Blue,101
79.68226271711613,23.0,F,2010-12-05,Two Year,Green,176
102.4488208495819,19.0,FEMALE,2011-10-21,Invalid,Green,427
65.38332647570499,31.0,Male,2012-08-19,One Year,Green,117
73.28725491495908,51.0,F,2011-03-05,Month-to-Month,Blue,166
73.74075525566133,5.0,Female,2012-06-17,One Year,Yellow,41
93.66179919645211,19.0,MALE,2010-05-19,One Year,Blue,429
68.57056701419572,34.0,M,2011-06-26,Month-to-Month,Red,344
74.18532288655508,10.0,F,2015-10-06,Two Year,Blue,424
79.11844764574809,25.0,F,2013-06-09,Month-to-Month,Red,366
72.79913684734537,2.0,Male,2011-01-19,One Year,Yellow,120
63.30349578174208,11.0,Male,2010-07-13,One Year,Green,609
72.91134989347461,50.0,F,2015-03-11,Two Year,Green,657
86.10447624789659,31.0,Female,2012-01-02,Month-to-Month,Blue,728
54.602270508834096,56.0,M,2015-12-04,One Year,Green,229
71.99454511220314,15.0,Male,2011-11-16,Invalid,Yellow,825
59.4981877759124,9.0,Female,2010-03-23,One Year,Green,130
87.92569943387264,23.0,MALE,2011-06-16,One Year,Blue,352
47.15219642824338,19.0,Male,2015-06-07,Two Year,Yellow,889
61.61617229092617,9.0,Female,2010-08-09,Invalid,Red,318
75.65817812596781,35.0,Female,2011-09-27,One Year,Blue,649
93.4828604385151,21.0,M,2014-11-05,One Year,Red,836
69.01374608390519,9.0,M,2015-02-18,Invalid,Yellow,337
61.67200709960203,28.0,MALE,2010-01-03,Month-to-Month,Blue,273
98.21735604160885,46.0,Female,2014-09-14,Month-to-Month,Blue,117
48.279791493756335,51.0,FEMALE,2010-07-25,One Year,Yellow,818
37.017910650698774,7.0,Female,2015-01-30,One Year,Green,368
76.60021675079999,16.0,M,2010-02-09,Month-to-Month,Blue,94
62.46918663471083,16.0,FEMALE,2015-10-08,Two Year,Blue,168
54.681507743039305,60.0,Male,2011-10-06,Invalid,Red,715
80.6253467094903,33.0,Male,2014-03-11,Invalid,Green,341
73.65701070656799,4.0,F,2015-03-23,Two Year,Red,661
61.538820538949075,4.0,M,2015-11-14,Two Year,Red,695
50.79543401993658,39.0,F,2012-06-16,Two Year,Green,152
83.08685992420217,40.0,FEMALE,2012-12-21,Two Year,Green,586
79.75301766937991,17.0,M,2013-07-03,Two Year,Yellow,877
68.51236204330925,37.0,MALE,2011-11-02,Two Year,Green,274
97.69955494071499,39.0,Female,2014-02-14,Invalid,Blue,554
53.94872850510771,60.0,MALE,2011-12-20,Two Year,Green,496
47.117122436128916,52.0,FEMALE,2012-12-07,Month-to-Month,Yellow,724
59.62137895178133,29.0,M,2015-05-10,Two Year,Yellow,101
69.31620975466754,52.0,FEMALE,2013-03-05,Two Year,Yellow,557
73.65009173984038,36.0,Female,2010-09-07,Invalid,Green,82
-999.0,,Male,2015-03-08,Invalid,Green,529
-999.0,,Male,2015-01-28,Two Year,Red,73
-999.0,,FEMALE,2014-02-12,Invalid,Red,14
-999.0,,F,2013-05-19,One Year,Blue,433
-999.0,,M,2010-02-13,Invalid,Red,157
-999.0,,M,2011-08-06,Invalid,Blue,735
-999.0,,Male,2013-07-12,Invalid,Yellow,132
-999.0,,MALE,2010-08-08,Invalid,Red,338
-999.0,,Female,2015-04-10,Month-to-Month,Green,404
-999.0,,MALE,2012-09-17,Month-to-Month,Red,376
-999.0,,MALE,2014-12-18,Month-to-Month,Blue,888
-999.0,,FEMALE,2012-05-07,Two Year,Red,559
-999.0,,Male,2012-03-14,Two Year,Yellow,107
-999.0,,Male,2011-05-05,One Year,Green,620
-999.0,,Male,2014-11-16,Month-to-Month,Blue,265
-999.0,,FEMALE,2014-02-02,Two Year,Green,205
-999.0,,F,2014-09-02,Invalid,Green,79
-999.0,,MALE,2010-02-23,Invalid,Blue,155
-999.0,,FEMALE,2011-09-08,Month-to-Month,Green,783
-999.0,,M,2012-12-18,One Year,Green,247
-999.0,,Female,2015-01-23,One Year,Red,531
-999.0,,F,2012-08-12,Invalid,Green,858
-999.0,,M,2014-06-18,One Year,Green,538
-999.0,,MALE,2011-10-12,Month-to-Month,Green,729
-999.0,,Male,2011-01-30,Invalid,Green,154
-999.0,,MALE,2013-09-21,Two Year,Blue,154
-999.0,,FEMALE,2011-01-06,Two Year,Yellow,686
-999.0,,Female,2012-05-07,One Year,Red,92
-999.0,,FEMALE,2012-03-01,Invalid,Green,433
-999.0,,F,2011-10-20,Invalid,Green,338
-999.0,,F,2013-10-24,Two Year,Blue,480
-999.0,,Female,2011-01-19,Invalid,Yellow,693
-999.0,,M,2015-10-11,Invalid,Green,131
-999.0,,M,2010-08-27,Invalid,Blue,450
-999.0,,F,2010-07-14,One Year,Red,810
-999.0,,F,2015-10-10,Invalid,Red,787
-999.0,,Male,2013-02-26,Month-to-Month,Green,273
-999.0,,M,2015-07-09,One Year,Green,588
-999.0,,Female,2010-06-05,Invalid,Yellow,177
-999.0,,M,2012-07-11,Invalid,Yellow,696
-999.0,,Male,2014-05-29,Month-to-Month,Green,831
-999.0,,FEMALE,2012-09-01,One Year,Blue,643
-999.0,,F,2013-05-15,Two Year,Yellow,875
-999.0,,F,2014-12-20,Two Year,Green,49
-999.0,,Male,2012-04-17,One Year,Yellow,567
-999.0,,Female,2015-07-01,Invalid,Green,666
-999.0,,F,2013-09-25,Invalid,Red,355
-999.0,,MALE,2010-07-23,Two Year,Green,712
-999.0,,F,2010-06-10,Two Year,Red,308
-999.0,,MALE,2011-01-27,Two Year,Yellow,868
