CustomerID,MonthlyCharges,TenureMonths,Churn
1,77.45071229516849,55,Yes
2,67.92603548243223,44,No
3,79.71532807151038,49,Yes
4,92.84544784612038,40,No
5,66.48769937914996,11,No
6,66.4879456457623,3,No
7,93.68819223261087,59,No
8,81.51152093729362,6,Yes
9,62.95788421097572,9,Yes
10,78.13840065378947,6,Yes
11,63.04873460781307,9,No
12,63.01405369644615,39,Yes
13,73.62943407349051,31,No
14,41.30079633013303,32,No
15,44.12623251230451,41,No
16,61.56568706138541,50,Yes
17,54.80753319498364,12,No
18,74.71370998892911,8,No
19,56.37963886718184,8,No
20,48.81544447997062,50,No
21,91.98473153382331,28,Yes
22,66.61335549270197,20,No
23,71.01292307031886,47,No
24,48.62877720679815,59,No
25,61.834259132122256,7,No
26,71.66383884564799,11,No
27,52.73509633866546,20,No
28,75.63547027518509,16,No
29,60.99041965121793,4,No
30,65.62459375310085,6,No
31,60.97440081655905,58,No
32,97.78417276763406,22,No
33,69.79754162893099,26,Yes
34,54.13433606566149,3,Yes
35,82.33817368154783,41,No
36,51.68734525043467,60,No
37,73.13295392507133,42,No
38,40.60494814180336,14,No
39,50.07720926652354,11,No
40,72.95291853803685,18,Yes
41,81.07699869993115,54,No
42,72.57052421784955,12,Yes
43,68.2652757641764,23,No
44,65.48344456616067,12,No
45,47.82217014448859,13,Yes
46,59.20233687407937,25,No
47,63.09041843560319,45,No
48,85.85683339328374,51,No
49,75.15427434352692,58,No
50,43.554397669558995,19,No
51,74.86125954092192,55,Yes
52,64.22376579375525,46,Yes
53,59.84616999541062,36,Yes
54,79.17514433261302,45,No
55,85.46499283743927,8,No
56,83.96920178674299,29,No
57,57.41173715166042,55,Yes
58,65.36181436223178,53,No
59,74.96895147105346,55,No
60,84.63317690683539,32,No
61,62.81238643232065,51,No
62,67.21511535004274,44,No
63,53.40497538990958,18,Yes
64,52.05690063878994,6,No
65,82.18788733591298,18,No
66,90.34360042856234,19,No
67,68.91984817629499,22,No
68,85.05299346838036,37,No
69,75.42454037571451,32,No
70,60.323203680923136,56,No
71,75.4209340826262,41,No
72,93.07054849698955,59,No
73,69.46260941335073,3,No
74,93.4696548372101,28,No
75,30.703823438653835,10,No
76,82.32853756562835,51,No
77,71.30570602357257,35,Yes
78,65.51488974301199,29,No
79,71.37641164803253,54,No
80,40.18646628098661,15,No
81,66.70492168243732,33,No
82,75.35668857267619,7,No
83,92.16841067112274,12,No
84,62.22594672589529,49,No
85,57.87259595660218,30,Yes
86,62.47364434623195,21,No
87,83.73103176553111,31,No
88,74.93126664489526,58,No
89,62.05359694349442,24,No
90,77.69901149670034,20,Yes
91,71.4561632402206,37,No
92,84.52967485799334,4,Yes
93,59.469203591839715,28,Yes
94,65.08506780103347,44,Yes
95,64.11837770301764,20,Yes
96,48.04727577801822,60,Yes
97,74.44180415596864,24,No
98,73.91582908269834,50,No
99,70.07670184963692,49,No
100,66.4811929993728,51,No
101,48.769438869243785,32,No
102,63.69032015851961,41,Yes
103,64.85928225209845,36,No
104,57.96584096167572,58,No
105,67.58071432500986,53,Yes
106,76.06076285221808,34,No
107,98.29278851815795,36,No
108,72.61866719247759,2,No
109,73.86325586084146,15,Yes
110,68.8833112635075,34,No
111,41.21843177051438,36,No
112,69.60229186826174,6,Yes
113,70.90345314911539,39,No
114,106.94863168727929,42,No
115,67.11458552828316,51,No
116,74.52321013500419,51,No
117,69.47932345442135,58,No
118,52.46982943570702,54,No
119,87.14234221772531,12,No
120,81.27899549030161,3,Yes
121,81.8654792056457,45,No
122,56.35918817807892,18,No
123,91.04191466404149,40,No
124,48.97223405811579,21,Yes
125,78.80285640700406,15,No
126,102.85683438714968,33,No
127,55.14195512303968,35,No
128,61.50553405595842,26,No
129,71.49477047631461,8,Yes
130,62.44786518825701,36,No
131,46.74004853400801,48,No
132,71.0284446220904,30,Yes
133,54.06544429410843,23,No
134,77.10388645952773,42,No
135,56.20863648649295,44,No
136,93.24901607526309,14,No
137,58.251200614956446,14,No
138,65.16907725691486,2,No
139,82.20275826054504,55,No
140,51.53703525349067,37,No
141,73.41189901906193,5,Yes
142,89.60714131423643,38,No
143,45.88775148158159,45,No
144,72.76950787798457,41,No
145,73.89824191372635,54,No
146,81.72734307665965,60,No
147,51.44573933682877,47,No
148,50.193150803735854,14,Yes
149,77.82912348425347,56,No
150,74.45477009849779,39,No
151,73.75739275518815,25,No
152,75.19672314245463,20,No
153,59.79962917632264,2,No
154,73.48380545741506,39,No
155,74.39608709948021,6,No
156,59.28472872960448,17,No
157,97.98661766717134,59,No
158,77.10749381367681,25,Yes
159,52.13044754196027,57,No
160,79.84830412950744,28,No
161,55.379774946590175,2,No
162,81.80626905613678,35,Yes
163,87.37893368511106,37,Yes
164,57.68976522472434,5,No
165,84.45064193866483,1,Yes
166,76.19171390404748,40,No
167,82.33090239991735,12,No
168,98.4518947398092,56,No
169,66.31917825995694,36,Yes
170,58.693957534637654,45,No
171,56.65728355561715,23,Yes
172,57.762845725518424,47,Yes
173,68.84347435878844,31,No
174,75.11727962224965,11,No
175,74.15036198995028,10,No
176,82.40774873554035,3,No
177,70.1950283781686,54,No
178,91.80301115735975,14,No
179,66.03014750143066,16,No
180,110.80253749884429,10,No
181,79.3850102164751,29,Yes
182,57.14263665375576,10,No
183,53.93661252908332,12,Yes
184,77.23708622864778,30,No
185,66.64805822011223,41,No
186,80.71000741138138,1,No
187,77.09856436860318,5,No
188,68.9075663101469,20,No
189,57.29809422897392,8,Yes
190,47.27729162971203,43,No
191,63.302275718994686,12,No
192,82.84598191485209,1,No
193,73.21140616195306,57,Yes
194,51.31391831932018,54,No
195,72.59771388776772,20,No
196,75.77976069593255,28,No
197,56.74213845698301,57,No
198,72.30587658918292,43,No
199,70.87313077669,37,No
200,52.85544553254066,47,No
201,75.36681040522424,37,Yes
202,78.41176789552351,12,No
203,86.24576864762915,37,Yes
204,85.80703078052355,49,No
205,49.33495948064363,49,No
206,55.93262440127316,56,No
207,77.7255290081299,44,No
208,77.70678926368313,56,Yes
209,77.72571529459071,28,Yes
210,127.79097235982081,47,No
211,78.5633576603975,15,No
212,87.03348460270898,6,Yes
213,84.31002645239803,44,No
214,79.77086876958697,59,No
215,65.27096133039481,20,No
216,81.38453830739901,50,No
217,58.40762178193643,14,No
218,66.44772089889986,2,No
219,62.71954678256345,9,No
220,71.22811209079484,37,No
221,104.71987850010262,20,No
222,41.99102211112378,26,No
223,80.2939028556177,29,No
224,45.80926193215522,1,No
225,62.9210220131585,55,Yes
226,86.33425895451049,35,No
227,70.96420028643195,6,No
228,53.83382833106041,37,Yes
229,59.27044436110047,53,No
230,80.19396623402014,59,No
231,59.04450052424295,5,No
232,73.24687884372962,33,No
233,70.6835775985572,49,No
234,60.22599478591275,51,Yes
235,102.15916133987989,14,No
236,79.50878533477017,12,No
237,39.622861200135894,42,No
238,72.79681472154141,20,No
239,60.07320302847418,53,No
240,82.78650002194335,50,No
241,58.11218892350949,24,No
242,68.27895337799652,59,No
243,77.57480918470685,43,No
244,82.98632791255181,34,Yes
245,51.99555389416336,25,Yes
246,64.98248146238578,50,No
247,62.87582033258566,29,Yes
248,60.200061511394324,57,No
249,96.48181360421646,39,No
250,76.07472566441433,31,No
251,51.08674068497432,56,No
252,83.76792920582164,47,No
253,101.8323429551895,43,No
254,85.4869789082672,50,Yes
255,47.2094505106898,23,No
256,62.73648890700623,44,No
257,89.00366723779933,38,No
258,59.38495801571829,20,No
259,76.65729142219342,23,No
260,81.61951080144006,45,No
261,56.09604292632876,52,No
262,69.10711965907299,16,Yes
263,21.38098989896391,50,No
264,54.63418537998565,42,Yes
265,66.2114777291026,60,Yes
266,51.28325227052726,55,Yes
267,94.48616955897452,8,No
268,48.54787933059051,50,No
269,63.39933269954524,21,No
270,71.96110865929137,1,No
271,91.61909933599173,55,No
272,48.46206773230841,8,Yes
273,87.4474562823244,29,No
274,70.1534959152938,32,No
275,55.27737023428074,38,No
276,76.93155211394907,5,No
277,72.98589543360205,47,Yes
278,60.99674684261808,22,No
279,71.04703127485028,47,No
280,64.2202960470736,34,No
281,71.70276017876873,1,Yes
282,79.9319601178157,55,No
283,93.79025224218029,55,No
284,51.43276751759726,26,Yes
285,101.995500619844,43,No
286,40.71868300716247,10,No
287,67.72322357446625,30,No
288,78.82475809726864,50,No
289,74.2148780160255,18,No
290,60.659507202691096,17,No
291,66.87816624464087,26,No
292,62.604985980117505,8,Yes
293,61.15952864583683,47,No
294,82.74403145531537,40,No
295,75.35523228947571,49,No
296,59.60635607109019,12,No
297,83.49399813149876,27,Yes
298,74.60949281314915,8,No
299,82.1929317825844,25,No
300,79.44443262885419,46,No
301,57.56507483616892,4,No
302,61.597284397045456,33,No
303,81.20940407684893,1,Yes
304,79.15555398150197,19,No
305,69.68647609053778,31,Yes
306,71.75991074963173,16,Yes
307,89.16497343682637,14,No
308,61.12642916746255,53,No
309,78.20646071755057,48,No
310,66.9671102134916,5,No
311,66.7347819515917,41,No
312,86.48165277980786,26,No
313,82.38124523482045,28,No
314,82.20264454000957,2,Yes
315,89.58218210731494,50,No
316,70.31505762449139,6,No
317,80.22929456942445,9,No
318,65.34599865109816,33,No
319,74.86249528732664,41,No
320,68.04785418448473,25,No
321,71.45493947489078,48,No
322,78.92735538155371,13,No
323,57.726689751497915,9,No
324,101.3858091352819,53,No
325,54.90973927750447,13,Yes
326,51.787170808184015,31,Yes
327,87.37166310250102,41,No
328,81.87494040944404,11,No
329,79.36179725578234,4,No
330,79.4251826389642,34,No
331,69.81629840729629,38,Yes
332,56.54118442771252,46,No
333,71.1370683729059,4,No
334,59.842574327318324,38,No
335,84.62679600126627,19,No
336,67.79413927746792,6,No
337,57.61754204811233,34,No
338,65.1792123752051,18,No
339,76.19397181413436,13,Yes
340,61.54413170794038,41,No
341,57.666694066503524,23,Yes
342,73.65530817237868,19,No
343,73.67449856663085,45,Yes
344,62.39585236943305,11,No
345,62.93442541572516,1,Yes
346,73.48074906036454,24,No
347,48.27873487754014,54,No
348,48.888043384351676,7,Yes
349,59.22333668121346,25,Yes
350,66.7982927243223,21,No
351,74.66361348397007,15,No
352,92.13034325424329,1,No
353,82.86489434803029,12,No
354,67.60092205054859,58,Yes
355,69.71475688145966,7,No
356,54.96205953043287,15,No
357,69.72230296011415,21,No
358,65.67012041619793,19,No
359,74.84077840507135,60,No
360,57.59153584671515,29,No
361,77.79019771361759,25,Yes
362,92.99108369503867,33,No
363,68.36859777314713,49,No
364,76.02567583148412,32,No
365,80.35215987566669,49,Yes
366,63.98169292171246,35,Yes
367,73.36138722715626,44,No
368,70.18888601172692,38,No
369,71.46514147823248,26,No
370,58.404853242168,11,No
371,70.36765261388415,35,Yes
372,77.46997436868175,8,No
373,91.76715411692562,46,No
374,84.3890623912781,14,No
375,102.29773686267335,10,Yes
376,58.489786556679256,2,No
377,83.08480955081018,46,Yes
378,72.75013008607527,9,No
379,102.8470439982651,3,Yes
380,57.87552571967273,21,No
381,57.40417236728836,26,No
382,61.009110318339665,8,No
383,38.141564135352894,48,No
384,62.113674674788584,2,No
385,58.61301007669453,6,No
386,72.25590679714311,28,No
387,75.12633963665739,53,No
388,98.14256258823829,29,No
389,84.25635757279075,26,No
390,61.346445165063955,25,No
391,56.52377992977463,12,No
392,77.37878757259759,5,No
393,50.19650189469037,34,Yes
394,97.47188148781531,48,Yes
395,87.69160181081931,37,No
396,62.962365218429426,15,Yes
397,44.30298206363683,44,No
398,90.3080856124812,36,No
399,68.28190232121074,15,No
400,88.56724467960193,43,Yes
401,46.08358511808449,48,No
402,61.00937465569341,23,No
403,70.07865549577275,6,No
404,70.70470890647113,46,Yes
405,63.249017927811344,50,No
406,79.34274898521248,44,No
407,53.98569355926108,59,No
408,67.8643077246806,43,No
409,71.80443447567848,45,No
410,77.71658251088124,21,No
411,80.67422317133335,23,No
412,53.13036862243196,43,No
413,46.98828743896567,55,No
414,89.16515232847763,16,No
415,74.98471017969388,47,No
416,58.7727019516517,53,No
417,93.26727963283784,60,No
418,71.73511951439288,15,No
419,87.6894577609574,25,No
420,71.01277722115164,36,No
421,100.91121887322981,11,No
422,96.33011263664807,51,No
423,66.2655377728139,15,No
424,84.57356426431534,4,Yes
425,79.68063924377721,21,No
426,90.52947336298523,13,Yes
427,55.52614809129843,22,No
428,80.29077189997659,19,Yes
429,85.87636730274382,34,No
430,43.618907703653285,14,Yes
431,52.25112231001337,4,No
432,39.411517333598496,48,No
433,65.95889748333164,53,Yes
434,80.76313383693943,52,No
435,92.53535578144042,46,Yes
436,71.11142170629662,27,Yes
437,94.42923318356938,29,No
438,49.29847812677663,47,No
439,44.44926340967268,28,No
440,69.16678451655072,35,No
441,75.76098173408961,8,No
442,69.5095787785886,16,Yes
443,38.98836849940185,42,No
444,68.66319940730817,36,No
445,50.43295749242721,30,No
446,80.04508823245058,18,No
447,75.49897369145272,2,No
448,55.90180320508967,49,No
449,62.2919962399496,13,No
450,54.11179717166573,4,No
451,69.05981354090243,26,No
452,84.32713480751858,25,No
453,55.21410930496684,30,Yes
454,77.56069773276766,11,Yes
455,62.04613572441339,7,No
456,58.10690751606484,31,No
457,68.39454460068163,44,No
458,54.47136516370939,10,No
459,61.69526041979227,39,No
460,52.03183161116728,13,No
461,99.47087699374583,31,No
462,70.52895327957593,7,No
463,59.50411738011122,56,No
464,73.20969866101333,49,No
465,68.31507925463755,42,No
466,66.68545600700166,42,No
467,79.21250050065137,56,No
468,81.36261565070957,36,Yes
469,62.04248278584209,20,No
470,61.3627263903298,4,No
471,65.87422454272534,54,No
472,35.471182528966224,7,No
473,47.27213406702172,54,No
474,90.50311401166786,1,No
475,94.67451570251926,44,No
476,66.26445940665432,56,Yes
477,78.6483544458365,45,No
478,74.66875231815304,42,No
479,116.18321212682856,47,No
480,86.79362367151865,59,No
481,68.0812361277885,13,No
482,55.666893390993614,55,No
483,45.903305196136415,22,No
484,73.05195453800835,54,Yes
485,58.654738820735446,21,No
486,48.666194356034886,22,Yes
487,60.301406736362104,28,No
488,53.77677994578407,9,No
489,95.30712452608847,26,Yes
490,83.22459635424175,9,No
491,69.88041038025074,15,No
492,92.19916208335039,10,No
493,71.16052461471428,24,No
494,57.08073698007605,58,No
495,92.84686115904486,57,No
496,78.08365065526988,42,No
497,54.441307685103155,8,No
498,67.14491982874588,24,No
499,56.86572619922865,16,No
500,49.25800403553496,49,No
501,83.89266321297463,26,Yes
502,98.64124960705196,27,No
503,49.02148639271288,37,No
504,78.44453855035856,4,Yes
505,60.2403614631726,50,No
506,62.69311924352956,24,No
507,61.11409113641696,19,No
508,57.04013845480276,36,No
509,70.7278244191724,60,No
510,57.535748253834434,39,Yes
511,74.05685238669759,10,No
512,69.24642835826295,25,No
513,66.41577929700385,18,No
514,56.386545069376034,19,No
515,61.34843004147501,36,No
516,81.33086838738635,10,No
517,77.5137578143657,33,No
518,55.33667132802174,55,No
519,71.48998458143839,50,No
520,81.27080685057683,5,No
521,44.95892078317942,47,No
522,78.15040288569902,49,No
523,60.060643615812296,35,Yes
524,78.5589800288974,44,Yes
525,58.55111265186225,34,Yes
526,42.92676849003222,33,Yes
527,45.58686343175256,55,No
528,70.72127419992073,21,No
529,73.89583752582223,17,No
530,56.43525062343387,22,No
531,79.57888688166061,48,No
532,45.0771990659656,37,No
533,69.00880302029024,15,No
534,51.834757003563155,35,No
535,60.222458382967616,28,No
536,70.71098006974621,7,Yes
537,57.09379952074072,32,No
538,64.23166683655262,11,No
539,85.0943921382166,10,No
540,61.34662195715277,9,No
541,82.53538168097712,14,No
542,53.05439718013573,13,No
543,77.94706266872925,57,Yes
544,91.6235293098685,25,No
545,32.92533249809066,2,No
546,58.046571167942844,35,No
547,78.6560819077081,7,Yes
548,66.9543192093551,21,No
549,75.56718810056964,18,No
550,60.94022219926269,3,No
551,71.2988468120935,42,No
552,67.66484146911881,54,No
553,87.5167309248971,39,No
554,73.8163126495182,41,No
555,75.06403993112804,49,No
556,63.82184550816299,11,Yes
557,62.6859066389126,39,No
558,63.51162718270569,24,Yes
559,75.91678213567445,60,No
560,63.68523278769605,46,Yes
561,74.34662285344619,19,No
562,101.13101197968157,4,No
563,83.06687055147539,26,No
564,65.10964701748239,38,Yes
565,88.01820883245918,42,No
566,63.87886940467673,32,Yes
567,39.428131972332196,39,No
568,54.87870533623894,45,No
569,41.938121184612164,46,No
570,64.72729773938038,36,No
571,70.27627568784328,40,No
572,95.14655968412924,37,Yes
573,74.90391060646245,33,No
574,66.71349206786704,36,No
575,82.44108371775233,3,No
576,36.832970364881724,9,Yes
577,73.53421837162848,8,No
578,81.5629779083045,33,No
579,47.821206313302376,59,No
580,87.15631064810394,6,No
581,75.07744611241621,41,No
582,63.77068129148798,39,Yes
583,79.49172799159427,4,Yes
584,104.06039286706593,13,No
585,72.72799382587743,49,No
586,73.72330879450504,60,No
587,63.109586506896335,2,No
588,57.25233445802812,60,Yes
589,82.45503724816368,5,Yes
590,57.15874261136699,44,No
591,71.07349355829089,27,No
592,62.83513829852325,32,No
593,77.18469738619588,21,No
594,75.00493157930423,8,No
595,85.56309916386849,38,Yes
596,62.349754017178796,8,No
597,65.95187597059943,50,Yes
598,55.31854426326539,3,No
599,63.33560109885833,54,No
600,75.65950739567279,44,No
601,81.35482924968028,58,No
602,56.167520137335615,3,No
603,83.0440888015849,22,No
604,90.33456788207427,6,No
605,76.20152354835551,2,Yes
606,98.151937188371,23,No
607,58.39316201344641,44,Yes
608,51.33017945032874,2,Yes
609,43.319196266435824,38,No
610,92.44066467233775,17,No
611,79.81548484531086,35,No
612,69.16622993634317,34,No
613,74.19952939479731,23,No
614,53.11766429052435,30,Yes
615,106.68627969425239,52,No
616,71.93831772962841,8,No
617,71.64092191907339,22,No
618,80.88649935848038,44,No
619,77.2151384760507,58,No
620,73.35826036418698,36,Yes
621,58.142883168320324,5,No
622,77.07202535703993,13,No
623,98.2303674471255,29,No
624,90.18130069232467,31,No
625,93.89779939959095,47,No
626,62.33176485353222,57,Yes
627,55.15592769612129,55,No
628,68.11319619850528,16,No
629,70.83587368433042,42,Yes
630,86.41287277706422,30,No
631,44.613030554277714,57,No
632,92.9432547919092,55,No
633,67.62988152131516,16,No
634,63.5967839507887,12,No
635,54.81843437109749,17,No
636,45.177149922013456,16,No
637,82.34755875942872,12,No
638,71.09976950782605,8,No
639,50.65058650388419,20,Yes
640,50.57381841904576,3,No
641,64.96322951064808,16,No
642,95.0353228793409,30,No
643,66.10612972954593,45,Yes
644,47.45285570322841,23,No
645,66.31385403871083,28,No
646,65.90914645378494,51,No
647,29.546700355876425,40,No
648,69.18557700223282,54,Yes
649,66.53598204686983,5,No
650,80.44309547220128,20,No
651,97.73434142418017,40,Yes
652,86.89847544321637,56,No
653,65.96666964167754,44,No
654,53.40211136887494,1,Yes
655,108.60039704874791,57,No
656,70.88827651021732,30,No
657,70.2089393786942,21,No
658,69.63812369334995,20,Yes
659,72.97127141151782,6,No
660,67.83459382114086,22,No
661,61.39506989679646,18,No
662,61.79711588139412,8,No
663,69.50870094676003,39,No
664,61.84862843299352,32,No
665,59.30731325984253,33,No
666,71.59645341537845,53,No
667,66.17534173868717,16,No
668,92.55989482874033,12,No
669,30.235452874104823,38,No
670,86.37260277883692,52,No
671,88.69127788746444,34,No
672,38.89914651387776,14,No
673,64.85968608879477,36,No
674,64.42838701006313,33,No
675,48.88732457923268,23,No
676,58.33274968613687,50,No
677,53.34136231801257,45,No
678,96.28405665135435,2,Yes
679,84.03517589721191,41,Yes
680,89.07332642491238,21,No
681,80.82508096064853,2,No
682,53.06422343174156,27,No
683,62.132196005803394,57,No
684,77.34061841841877,9,No
685,51.66808286662082,1,Yes
686,80.69497645258582,11,No
687,66.39511902762797,3,No
688,64.37768788675604,52,No
689,80.66439952305237,23,No
690,76.6639496722906,26,No
691,64.5855075127138,4,Yes
692,87.38994705046372,18,No
693,53.78405008600154,55,No
694,79.23903410416395,6,No
695,78.89651886952575,35,No
696,65.35680341029014,22,No
697,74.89199533363177,43,No
698,51.23329635422046,15,No
699,83.86040528810352,22,No
700,67.22646795335517,60,No
701,62.15915469221441,37,No
702,85.73513838755333,52,No
703,59.43484464185861,42,No
704,48.873080554546604,12,Yes
705,46.65056239714144,47,Yes
706,79.0901492701846,49,Yes
707,50.793559712555755,42,No
708,96.32191272976547,38,No
709,38.77105888174417,18,Yes
710,95.44684552435058,45,Yes
711,73.16526200803928,35,No
712,68.54930332194411,30,No
713,61.826213697865754,24,No
714,75.98704171528107,42,No
715,69.43547946362727,30,No
716,86.54952823024783,14,Yes
717,71.71341472993059,6,No
718,72.25452642192816,3,No
719,64.54581681679217,16,No
720,69.14581564418398,7,No
721,74.6170265333809,52,Yes
722,44.347474110150614,14,No
723,49.77721866841431,9,No
724,81.14896141034072,15,No
725,72.56298157191912,21,No
726,67.24024995470981,35,No
727,70.27650899598089,2,Yes
728,75.21372558042506,27,Yes
729,61.90360479535958,2,No
730,58.32542911896531,35,No
731,72.93767882646523,18,Yes
732,55.32440833577452,14,No
733,76.12379133571707,20,No
734,44.46124593643239,18,No
735,85.43733455988465,10,Yes
736,77.08896223619564,25,No
737,73.84044601470814,2,No
738,84.74036475918271,25,No
739,94.98211666693865,54,No
740,85.21555097527195,33,No
741,42.38688653002532,36,No
742,50.806345498964475,31,Yes
743,60.62772133456482,14,No
744,70.3913657531625,1,Yes
745,77.76488530703685,46,No
746,59.11384280269802,16,No
747,72.80150146715617,54,No
748,58.66925601470016,46,No
749,60.82723295512078,52,Yes
750,48.900083547276665,3,No
751,56.151501308336435,35,No
752,49.724730915754996,41,No
753,55.36190120534001,6,Yes
754,85.80462694911759,25,No
755,55.759016667520854,13,No
756,109.48573097256086,53,No
757,77.39976851321333,34,No
758,72.77254185542311,8,No
759,57.1246332972818,21,No
760,80.50464819113488,34,No
761,61.36543260643339,4,No
762,71.83014721968043,25,No
763,108.40126807403192,15,No
764,68.55910150413025,4,No
765,87.23909989428513,45,No
766,59.45235362311169,60,Yes
767,69.47517264254557,12,No
768,96.56200953453265,32,No
769,60.59549413318349,32,No
770,97.18672836995393,28,Yes
771,80.61627903183214,13,No
772,61.56299836158598,31,No
773,79.48611608583282,14,No
774,84.58831674440094,20,No
775,79.32714943325794,18,No
776,46.446629201643155,29,Yes
777,59.09294236262697,60,Yes
778,66.28722046672743,6,No
779,68.8834985634993,32,No
780,79.31008146326018,29,No
781,72.66551501399881,43,No
782,49.96983461934848,2,No
783,75.70296776508945,60,No
784,79.15878617925735,23,No
785,78.3968567189656,19,No
786,86.21171088331933,31,Yes
787,82.50883231823356,51,No
788,76.88770118842655,5,No
789,68.94751432812029,19,Yes
790,45.085585997260125,34,No
791,76.44427328698879,10,No
792,73.11531530744666,25,No
793,74.0736825579306,2,No
794,50.84877136269536,11,No
795,53.784151893876064,50,No
796,85.79729279999356,31,No
797,69.40667269215018,56,No
798,80.22251046058936,15,No
799,70.42477564195691,9,Yes
800,70.44634209243618,23,Yes
801,84.07425708963997,19,No
802,62.25932907673939,9,No
803,71.44181165411474,35,No
804,63.06587066942436,21,No
805,63.482556588515266,9,Yes
806,65.3624181479704,28,No
807,73.3320065745057,46,No
808,62.818770675047844,51,Yes
809,88.83634188360281,7,No
810,56.580890466707444,16,Yes
811,67.19692533757961,16,No
812,63.40403412588738,60,No
813,91.704668265306,33,No
814,72.94832164767362,4,No
815,85.47766809202952,4,No
816,47.716594404445416,39,No
817,74.00575398803889,40,Yes
818,83.34446193435156,17,No
819,71.23425983913137,37,No
820,85.98220562598027,39,No
821,62.24067324849442,60,No
822,91.1402116027837,52,Yes
823,104.48347185428875,29,No
824,64.55742159340511,52,No
825,63.31746217898842,36,Yes
826,91.80076715676552,60,No
827,93.69358218596068,38,Yes
828,62.15709959270097,39,No
829,63.69719774356214,50,No
830,65.7732308670924,37,No
831,49.833242334485846,52,No
832,56.220220802737025,35,No
833,54.93788849871898,7,No
834,58.483036523438074,27,No
835,69.47972668919829,28,No
836,73.5132209880478,22,No
837,93.25750739221115,14,Yes
838,55.024689388918134,7,No
839,84.76483597714875,37,No
840,66.79016733661737,22,Yes
841,69.2580443552135,5,No
842,80.12229238249905,55,No
843,53.159169676565526,2,Yes
844,75.73614619276076,27,No
845,72.49678312319584,21,No
846,77.38676896012224,54,No
847,74.33752965861727,38,Yes
848,106.82950209866341,15,Yes
849,60.43390023623026,21,No
850,62.035045674972736,10,No
851,60.65289210362853,23,No
852,61.66784321259618,58,No
853,60.439193090402235,56,Yes
854,87.83524796661328,39,No
855,91.30756371984782,5,No
856,61.438805593757856,1,No
857,57.51466640343657,13,No
858,77.07123334579606,21,No
859,61.716654335785435,26,No
860,79.49397726633266,50,Yes
861,73.04384531276949,45,No
862,47.26383827504152,21,No
863,93.21257801995093,53,No
864,96.93816509643283,18,No
865,60.80816964273421,37,No
866,64.18447660096024,45,No
867,74.28798086087357,32,Yes
868,75.01685184980538,36,No
869,79.87816409009245,17,No
870,100.15306808149525,35,No
871,67.34579158758926,49,No
872,58.02554133192319,60,No
873,49.31021157978209,11,Yes
874,59.036049400871214,21,No
875,69.50309540689304,52,No
876,96.91836795276681,55,Yes
877,62.235830514457426,53,No
878,73.35681927458347,26,No
879,69.75365655890872,4,Yes
880,87.82589910172126,34,No
881,107.90398638810433,52,No
882,62.03696840619519,48,No
883,62.658408362226666,60,No
884,85.66241315603608,18,No
885,80.22837234439467,40,No
886,97.7006098860405,35,No
887,78.75892277988946,41,No
888,64.61061863819411,29,No
889,78.85982246038463,52,No
890,86.63055370874362,29,No
891,82.30723271796046,38,No
892,77.60911046660947,42,No
893,86.00012034383731,21,No
894,87.5394338566851,42,No
895,90.7323848655629,13,No
896,79.73064831384464,49,No
897,67.49322879524719,41,Yes
898,72.20070529649985,17,No
899,88.09763449762535,56,No
900,57.74596493519146,9,No
901,75.53009963309351,41,No
902,64.09991781508958,1,No
903,70.43117234402226,2,Yes
904,89.17677793910948,60,No
905,72.86648602029855,48,No
906,70.69654822234223,29,No
907,49.60215788530121,33,No
908,81.19380349040831,10,No
909,79.68226271711613,50,No
910,102.4488208495819,58,No
911,65.38332647570499,60,No
912,73.28725491495908,40,No
913,73.74075525566133,21,No
914,93.66179919645211,28,No
915,68.57056701419572,11,No
916,74.18532288655508,55,No
917,79.11844764574809,34,No
918,72.79913684734537,8,No
919,63.30349578174208,59,No
920,72.91134989347461,22,No
921,86.10447624789659,8,No
922,54.602270508834096,49,No
923,71.99454511220314,15,Yes
924,59.4981877759124,17,No
925,87.92569943387264,60,No
926,47.15219642824338,23,No
927,61.61617229092617,24,No
928,75.65817812596781,45,No
929,93.4828604385151,19,No
930,69.01374608390519,5,Yes
931,61.67200709960203,32,No
932,98.21735604160885,44,No
933,48.279791493756335,1,No
934,37.017910650698774,23,No
935,76.60021675079999,37,No
936,62.46918663471083,8,Yes
937,54.681507743039305,13,No
938,80.6253467094903,8,No
939,73.65701070656799,57,No
940,61.538820538949075,23,No
941,50.79543401993658,43,No
942,83.08685992420217,1,No
943,79.75301766937991,45,No
944,68.51236204330925,51,No
945,97.69955494071499,24,No
946,53.94872850510771,35,No
947,47.117122436128916,24,Yes
948,59.62137895178133,17,No
949,69.31620975466754,5,No
950,73.65009173984038,20,No
951,66.38145913215506,21,No
952,75.28083094771445,40,No
953,51.22690863714334,58,No
954,91.65646906109889,31,Yes
955,68.76773232411146,46,No
956,86.75943747382192,36,No
957,75.14088019566556,11,No
958,76.85129828730676,52,No
959,78.54650920348305,15,Yes
960,76.71562840025973,19,No
961,79.64084139801315,7,No
962,89.93728795198646,51,No
963,72.94781754552206,28,No
964,80.63505636382769,51,No
965,68.6539645856916,43,No
966,91.6017582317421,58,No
967,59.85411546911095,5,No
968,97.01410649366224,5,Yes
969,69.39763074033485,30,No
970,48.53837346822928,54,Yes
971,71.92156622366184,32,Yes
972,59.78422513787679,8,No
973,82.60965323483086,10,No
974,60.210640310464136,38,No
975,63.307248501778304,47,No
976,41.65688903581703,32,No
977,63.21540521126385,48,No
978,33.64181010056565,28,No
979,46.24145764771415,17,No
980,81.40621984216446,31,No
981,81.78700237976248,8,No
982,76.38186342677447,40,No
983,55.495357853061805,25,No
984,69.2843296578703,9,No
985,69.94596191364147,2,No
986,52.624529662111854,15,No
987,92.55097452650726,50,No
988,83.16043435863507,3,No
989,66.68553739255503,49,No
990,70.40328758491796,36,No
991,73.12574211921329,4,No
992,39.37397697363564,14,No
993,66.29233926219105,41,No
994,59.77023628003302,41,No
995,54.975699851576266,25,Yes
996,65.78349560671067,58,No
997,96.96529790274283,55,Yes
998,79.61264291900514,50,No
999,61.432315153258045,10,No
1000,78.58874172034238,21,No
